Workbook

Sheet all
A1: experiment_num | B1: N | C1: n | D1: N0 | E1: eta | F1: E2_neighbors | G1: Level | H1: Boxes | I1: gpu_time | J1: cpu_time | K1: speedup | L1: cpu_M2L_time | M1: cpu_P2P_time | N1: Data_collection_time | O1: M2L_data_transfer | P1: GPU_M2L_time | Q1: P2P_data_transfer | R1: GPU_P2P_time | S1: update_time
A2: 1 | B2: 65536 | C2: 3 | D2: 64 | E2: 0.5 | F2: 10 | G2: 2047 | H2: 33724 | I2: 793177300 | J2: 3531683700 | K2: 4.4525779 | L2: 7137700 | M2: 175556200 | N2: 281009400 | O2: 456565600 | P2: 116500 | Q2: 297800600 | R2: 297917100 | S2: 728000 | T2: 15081400 | U2: 1200971300 | V2: 1979845300 | W2: 143200 | X2: 793177300
A3: 2 | B3: 65536 | C3: 3 | D3: 64 | E3: 0.2 | F3: 10 | G3: 2047 | H3: 321980 | I3: 4422129100 | J3: 26061148100 | K3: 5.8933485 | L3: 51612900 | M3: 212541400 | N3: 1396591600 | O3: 1609133000 | P3: 846200 | Q3: 2716616000 | R3: 2717462200 | S3: 670500 | T3: 21208100 | U3: 6752595000 | V3: 18934114500 | W3: 166900 | X3: 4422129100
A4: 3 | B4: 65536 | C4: 3 | D4: 64 | E4: 0.35 | F4: 10 | G4: 2047 | H4: 86324 | I4: 1798688400 | J4: 8175143900 | K4: 4.5450584 | L4: 17269900 | M4: 133638500 | N4: 601632700 | O4: 735271200 | P4: 186600 | Q4: 726745800 | R4: 726932400 | S4: 697500 | T4: 22467700 | U4: 2746611100 | V4: 5094834700 | W4: 142600 | X4: 1798688400
A5: 4 | B5: 65536 | C5: 3 | D5: 64 | E5: 0.5 | F5: 10 | G5: 2047 | H5: 33668 | I5: 759899900 | J5: 3535557400 | K5: 4.652662 | L5: 6268800 | M5: 147067700 | N5: 278200700 | O5: 425268400 | P5: 102000 | Q5: 296864000 | R5: 296966000 | S5: 687700 | T5: 15347800 | U5: 1163417000 | V5: 1974948500 | W5: 154000 | X5: 759899900
A6: 5 | B6: 65536 | C6: 3 | D6: 64 | E6: 0.65 | F6: 10 | G6: 2047 | H6: 11940 | I6: 456397100 | J6: 1905943200 | K6: 4.1760633 | L6: 2539800 | M6: 163811600 | N6: 134556700 | O6: 298368300 | P6: 45900 | Q6: 120841500 | R6: 120887400 | S6: 711100 | T6: 14960600 | U6: 529496400 | V6: 706189400 | W6: 145100 | X6: 456397100
A7: 6 | B7: 65536 | C7: 3 | D7: 64 | E7: 0.8 | F7: 10 | G7: 2047 | H7: 6876 | I7: 330848700 | J7: 1064127800 | K7: 3.2163578 | L7: 1802400 | M7: 142106700 | N7: 79042500 | O7: 221149200 | P7: 68100 | Q7: 74582300 | R7: 74650400 | S7: 689500 | T7: 22360800 | U7: 327323600 | V7: 404685800 | W7: 138600 | X7: 330848700
A8: 7 | B8: 65536 | C8: 3 | D8: 64 | E8: 0.95 | F8: 10 | G8: 2047 | H8: 2048 | I8: 305799000 | J8: 684244000 | K8: 2.2375613 | L8: 738900 | M8: 196093100 | N8: 49894300 | O8: 245987400 | P8: 101100 | Q8: 24853000 | R8: 24954100 | S8: 711400 | T8: 14257700 | U8: 196374900 | V8: 121178600 | W8: 136000 | X8: 305799000
A9: 8 | B9: 65536 | C9: 4 | D9: 125 | E9: 0.5 | F9: 10 | G9: 2047 | H9: 33808 | I9: 1514948000 | J9: 7146013800 | K9: 4.7170027 | L9: 5960000 | M9: 368276200 | N9: 789880400 | O9: 1158156600 | P9: 115500 | Q9: 295241300 | R9: 295356800 | S9: 711000 | T9: 23097300 | U9: 4337255100 | V9: 2005749100 | W9: 142800 | X9: 1514948000
A10: 9 | B10: 65536 | C10: 4 | D10: 125 | E10: 0.2 | F10: 10 | G10: 2047 | H10: 322648 | I10: 7611024400 | J10: 44952660600 | K10: 5.9062563 | L10: 60093700 | M10: 347593600 | N10: 4339915500 | O10: 4687509100 | P10: 850500 | Q10: 2808231400 | R10: 2809081900 | S10: 676700 | T10: 21145100 | U10: 25175461200 | V10: 18958637100 | W10: 148800 | X10: 7611024400
A11: 10 | B11: 65536 | C11: 4 | D11: 125 | E11: 0.35 | F11: 10 | G11: 2047 | H11: 86212 | I11: 3195567700 | J11: 16074099900 | K11: 5.0301234 | L11: 16309900 | M11: 287380900 | N11: 1798804100 | O11: 2086185000 | P11: 190100 | Q11: 750439600 | R11: 750629700 | S11: 713600 | T11: 20662000 | U11: 10208927500 | V11: 5065207800 | W11: 155900 | X11: 3195567700
A12: 11 | B12: 65536 | C12: 4 | D12: 125 | E12: 0.5 | F12: 10 | G12: 2047 | H12: 33752 | I12: 1721156600 | J12: 7106500100 | K12: 4.1289097 | L12: 5984300 | M12: 292941500 | N12: 784970700 | O12: 1077912200 | P12: 116600 | Q12: 295011200 | R12: 295127800 | S12: 662900 | T12: 23354800 | U12: 4354691700 | V12: 1984990200 | W12: 144500 | X12: 1721156600
A13: 12 | B13: 65536 | C13: 4 | D13: 125 | E13: 0.65 | F13: 10 | G13: 2047 | H13: 12172 | I13: 830885600 | J13: 3890499200 | K13: 4.6823524 | L13: 2949300 | M13: 284139600 | N13: 382183600 | O13: 666323200 | P13: 73100 | Q13: 107001000 | R13: 107074100 | S13: 733700 | T13: 25523100 | U13: 2044896300 | V13: 721313200 | W13: 147800 | X13: 830885600
... A476: 150 | B476: 1048576 | C476: 7 | D476: 512 | E476: 0.95 | F476: 11 | G476: 4095 | H476: 8192 | I476: 25388032300 | J476: 73090284300 | K476: 2.8789267 | L476: 1621500 | M476: 16719368400 | N476: 2263387600 | O476: 18982756000 | P476: 150500 | Q476: 4435767500 | R476: 4435918000 | S476: 8739700 | T476: 700532400 | U476: 12079931000 | V476: 35712554500 | W476: 3764200 | X476: 25388032300

Sheet clean
A1: experiment_num | B1: N | C1: n | D1: N0 | E1: eta | F1: max_level | G1: num_clus | H1: min_nei | I1: gpu_time | J1: cpu_time | K1: speedup | L1: gpu_collection_time | M1: gpu_M2L_transfer_time | N1: gpu_M2L_computation_time | O1: gpu_M2L_time | P1: gpu_P2P_transfer_time | Q1: gpu_P2P_computation_time | R1: gpu_P2P_time | S1: gpu_Update_time | T1: cpu_collection_time | U1: cpu_M2L_time | V1: cpu_P2P_time | W1: cpu_Update_time | X1: total_gpu_time
A2: 1 | B2: 65536 | C2: 3 | D2: 64 | E2: 0.5 | F2: 10 | G2: 2047 | H2: 33724 | I2: 793177300 | J2: 3531683700 | K2: 4.4525779 | L2: 7137700 | M2: 175556200 | N2: 281009400 | O2: 456565600 | P2: 116500 | Q2: 297800600 | R2: 297917100 | S2: 728000 | T2: 15081400 | U2: 1200971300 | V2: 1979845300 | W2: 143200 | X2: 793177300
A3: 2 | B3: 65536 | C3: 3 | D3: 64 | E3: 0.2 | F3: 10 | G3: 2047 | H3: 321980 | I3: 4422129100 | J3: 26061148100 | K3: 5.8933485 | L3: 51612900 | M3: 212541400 | N3: 1396591600 | O3: 1609133000 | P3: 846200 | Q3: 2716616000 | R3: 2717462200 | S3: 670500 | T3: 21208100 | U3: 6752595000 | V3: 18934114500 | W3: 166900 | X3: 4422129100
A4: 3 | B4: 65536 | C4: 3 | D4: 64 | E4: 0.35 | F4: 10 | G4: 2047 | H4: 86324 | I4: 1798688400 | J4: 8175143900 | K4: 4.5450584 | L4: 17269900 | M4: 133638500 | N4: 601632700 | O4: 735271200 | P4: 186600 | Q4: 726745800 | R4: 726932400 | S4: 697500 | T4: 22467700 | U4: 2746611100 | V4: 5094834700 | W4: 142600 | X4: 1798688400
A5: 4 | B5: 65536 | C5: 3 | D5: 64 | E5: 0.5 | F5: 10 | G5: 2047 | H5: 33668 | I5: 759899900 | J5: 3535557400 | K5: 4.652662 | L5: 6268800 | M5: 147067700 | N5: 278200700 | O5: 425268400 | P5: 102000 | Q5: 296864000 | R5: 296966000 | S5: 687700 | T5: 15347800 | U5: 1163417000 | V5: 1974948500 | W5: 154000 | X5: 759899900
A6: 5 | B6: 65536 | C6: 3 | D6: 64 | E6: 0.65 | F6: 10 | G6: 2047 | H6: 11940 | I6: 456397100 | J6: 1905943200 | K6: 4.1760633 | L6: 2539800 | M6: 163811600 | N6: 134556700 | O6: 298368300 | P6: 45900 | Q6: 120841500 | R6: 120887400 | S6: 711100 | T6: 14960600 | U6: 529496400 | V6: 706189400 | W6: 145100 | X6: 456397100
A7: 6 | B7: 65536 | C7: 3 | D7: 64 | E7: 0.8 | F7: 10 | G7: 2047 | H7: 6876 | I7: 330848700 | J7: 1064127800 | K7: 3.2163578 | L7: 1802400 | M7: 142106700 | N7: 79042500 | O7: 221149200 | P7: 68100 | Q7: 74582300 | R7: 74650400 | S7: 689500 | T7: 22360800 | U7: 327323600 | V7: 404685800 | W7: 138600 | X7: 330848700
A8: 7 | B8: 65536 | C8: 3 | D8: 64 | E8: 0.95 | F8: 10 | G8: 2047 | H8: 2048 | I8: 305799000 | J8: 684244000 | K8: 2.2375613 | L8: 738900 | M8: 196093100 | N8: 49894300 | O8: 245987400 | P8: 101100 | Q8: 24853000 | R8: 24954100 | S8: 711400 | T8: 14257700 | U8: 196374900 | V8: 121178600 | W8: 136000 | X8: 305799000
A9: 8 | B9: 65536 | C9: 4 | D9: 125 | E9: 0.5 | F9: 10 | G9: 2047 | H9: 33808 | I9: 1514948000 | J9: 7146013800 | K9: 4.7170027 | L9: 5960000 | M9: 368276200 | N9: 789880400 | O9: 1158156600 | P9: 115500 | Q9: 295241300 | R9: 295356800 | S9: 711000 | T9: 23097300 | U9: 4337255100 | V9: 2005749100 | W9: 142800 | X9: 1514948000
A10: 9 | B10: 65536 | C10: 4 | D10: 125 | E10: 0.2 | F10: 10 | G10: 2047 | H10: 322648 | I10: 7611024400 | J10: 44952660600 | K10: 5.9062563 | L10: 60093700 | M10: 347593600 | N10: 4339915500 | O10: 4687509100 | P10: 850500 | Q10: 2808231400 | R10: 2809081900 | S10: 676700 | T10: 21145100 | U10: 25175461200 | V10: 18958637100 | W10: 148800 | X10: 7611024400
A11: 10 | B11: 65536 | C11: 4 | D11: 125 | E11: 0.35 | F11: 10 | G11: 2047 | H11: 86212 | I11: 3195567700 | J11: 16074099900 | K11: 5.0301234 | L11: 16309900 | M11: 287380900 | N11: 1798804100 | O11: 2086185000 | P11: 190100 | Q11: 750439600 | R11: 750629700 | S11: 713600 | T11: 20662000 | U11: 10208927500 | V11: 5065207800 | W11: 155900 | X11: 3195567700
A12: 11 | B12: 65536 | C12: 4 | D12: 125 | E12: 0.5 | F12: 10 | G12: 2047 | H12: 33752 | I12: 1721156600 | J12: 7106500100 | K12: 4.1289097 | L12: 5984300 | M12: 292941500 | N12: 784970700 | O12: 1077912200 | P12: 116600 | Q12: 295011200 | R12: 295127800 | S12: 662900 | T12: 23354800 | U12: 4354691700 | V12: 1984990200 | W12: 144500 | X12: 1721156600
A13: 12 | B13: 65536 | C13: 4 | D13: 125 | E13: 0.65 | F13: 10 | G13: 2047 | H13: 12172 | I13: 830885600 | J13: 3890499200 | K13: 4.6823524 | L13: 2949300 | M13: 284139600 | N13: 382183600 | O13: 666323200 | P13: 73100 | Q13: 107001000 | R13: 107074100 | S13: 733700 | T13: 25523100 | U13: 2044896300 | V13: 721313200 | W13: 147800 | X13: 830885600
... A476: 150 | B476: 1048576 | C476: 7 | D476: 512 | E476: 0.95 | F476: 11 | G476: 4095 | H476: 8192 | I476: 25388032300 | J476: 73090284300 | K476: 2.8789267 | L476: 1621500 | M476: 16719368400 | N476: 2263387600 | O476: 18982756000 | P476: 150500 | Q476: 4435767500 | R476: 4435918000 | S476: 8739700 | T476: 700532400 | U476: 12079931000 | V476: 35712554500 | W476: 3764200 | X476: 25388032300

Sheet avg
A1: N | B1: n | C1: N0 | D1: eta | E1: max_level | F1: num_clus | G1: min_nei | H1: gpu_time | I1: cpu_time | J1: speedup | K1: gpu_collection_time | L1: gpu_M2L_transfer_time | M1: gpu_M2L_computation_time | N1: gpu_M2L_time | O1: gpu_P2P_transfer_time | P1: gpu_P2P_computation_time | Q1: gpu_P2P_time | R1: gpu_Update_time | S1: gpu others FF | T1: cpu_collection_time | U1: cpu_M2L_time | V1: cpu_P2P_time | W1: cpu_Update_time | X1: CPU others FF | Y1: total_gpu_time
A2: 65536 | B2: 4 | C2: 125 | D2: 0.95 | E2: 10 | F2: =AVERAGEIFS(clean!G$2:G$998,clean!$B$2:$B$998,$A2,clean!$C$2:$C$998,$B2,clean!$D$2:$D$998,$C2,clean!$E$2:$E$998,$D2,clean!$F$2:$F$998,$E2) -> 2047 | G2: =AVERAGEIFS(clean!H$2:H$998,clean!$B$2:$B$998,$A2,clean!$C$2:$C$998,$B2,clean!$D$2:$D$998,$C2,clean!$E$2:$E$998,$D2,clean!$F$2:$F$998,$E2) -> 2052 | H2: =AVERAGEIFS(clean!I$2:I$998,clean!$B$2:$B$998,$A2,clean!$C$2:$C$998,$B2,clean!$D$2:$D$998,$C2,clean!$E$2:$E$998,$D2,clean!$F$2:$F$998,$E2) -> 5.5375593e+08 | I2: =AVERAGEIFS(clean!J$2:J$998,clean!$B$2:$B$998,$A2,clean!$C$2:$C$998,$B2,clean!$D$2:$D$998,$C2,clean!$E$2:$E$998,$D2,clean!$F$2:$F$998,$E2) -> 1.6449164e+09 | J2: =AVERAGEIFS(clean!K$2:K$998,clean!$B$2:$B$998,$A2,clean!$C$2:$C$998,$B2,clean!$D$2:$D$998,$C2,clean!$E$2:$E$998,$D2,clean!$F$2:$F$998,$E2) -> 2.9780568 | K2: =AVERAGEIFS(clean!L$2:L$998,clean!$B$2:$B$998,$A2,clean!$C$2:$C$998,$B2,clean!$D$2:$D$998,$C2,clean!$E$2:$E$998,$D2,clean!$F$2:$F$998,$E2) -> 782133.33 | L2: =AVERAGEIFS(clean!M$2:M$998,clean!$B$2:$B$998,$A2,clean!$C$2:$C$998,$B2,clean!$D$2:$D$998,$C2,clean!$E$2:$E$998,$D2,clean!$F$2:$F$998,$E2) -> 3.2412413e+08 | M2: =AVERAGEIFS(clean!N$2:N$998,clean!$B$2:$B$998,$A2,clean!$C$2:$C$998,$B2,clean!$D$2:$D$998,$C2,clean!$E$2:$E$998,$D2,clean!$F$2:$F$998,$E2) -> 150198300 | ... R2: =AVERAGEIFS(clean!S$2:S$998,clean!$B$2:$B$998,$A2,clean!$C$2:$C$998,$B2,clean!$D$2:$D$998,$C2,clean!$E$2:$E$998,$D2,clean!$F$2:$F$998,$E2) -> 715166.67 | S2: =H2-K2-N2-Q2-R2 -> 56425600 | T2: =AVERAGEIFS(clean!T$2:T$998,clean!$B$2:$B$998,$A2,clean!$C$2:$C$998,$B2,clean!$D$2:$D$998,$C2,clean!$E$2:$E$998,$D2,clean!$F$2:$F$998,$E2) -> 24111600 | U2: =AVERAGEIFS(clean!U$2:U$998,clean!$B$2:$B$998,$A2,clean!$C$2:$C$998,$B2,clean!$D$2:$D$998,$C2,clean!$E$2:$E$998,$D2,clean!$F$2:$F$998,$E2) -> 7.4086587e+08 | V2: =AVERAGEIFS(clean!V$2:V$998,clean!$B$2:$B$998,$A2,clean!$C$2:$C$998,$B2,clean!$D$2:$D$998,$C2,clean!$E$2:$E$998,$D2,clean!$F$2:$F$998,$E2) -> 129092800 | W2: =AVERAGEIFS(clean!W$2:W$998,clean!$B$2:$B$998,$A2,clean!$C$2:$C$998,$B2,clean!$D$2:$D$998,$C2,clean!$E$2:$E$998,$D2,clean!$F$2:$F$998,$E2) -> 151833.33 | X2: =I2-T2-U2-V2-W2 -> 7.5069433e+08 | Y2: =AVERAGEIFS(clean!X$2:X$998,clean!$B$2:$B$998,$A2,clean!$C$2:$C$998,$B2,clean!$D$2:$D$998,$C2,clean!$E$2:$E$998,$D2,clean!$F$2:$F$998,$E2) -> 5.5375593e+08
A3: 65536 | B3: 3 | C3: 64 | D3: 0.95 | E3: 10 | F3: =AVERAGEIFS(clean!G$2:G$998,clean!$B$2:$B$998,$A3,clean!$C$2:$C$998,$B3,clean!$D$2:$D$998,$C3,clean!$E$2:$E$998,$D3,clean!$F$2:$F$998,$E3) -> 2047 | G3: =AVERAGEIFS(clean!H$2:H$998,clean!$B$2:$B$998,$A3,clean!$C$2:$C$998,$B3,clean!$D$2:$D$998,$C3,clean!$E$2:$E$998,$D3,clean!$F$2:$F$998,$E3) -> 2049.3333 | H3: =AVERAGEIFS(clean!I$2:I$998,clean!$B$2:$B$998,$A3,clean!$C$2:$C$998,$B3,clean!$D$2:$D$998,$C3,clean!$E$2:$E$998,$D3,clean!$F$2:$F$998,$E3) -> 3.0051907e+08 | I3: =AVERAGEIFS(clean!J$2:J$998,clean!$B$2:$B$998,$A3,clean!$C$2:$C$998,$B3,clean!$D$2:$D$998,$C3,clean!$E$2:$E$998,$D3,clean!$F$2:$F$998,$E3) -> 7.9890707e+08 | J3: =AVERAGEIFS(clean!K$2:K$998,clean!$B$2:$B$998,$A3,clean!$C$2:$C$998,$B3,clean!$D$2:$D$998,$C3,clean!$E$2:$E$998,$D3,clean!$F$2:$F$998,$E3) -> 2.6687413 | K3: =AVERAGEIFS(clean!L$2:L$998,clean!$B$2:$B$998,$A3,clean!$C$2:$C$998,$B3,clean!$D$2:$D$998,$C3,clean!$E$2:$E$998,$D3,clean!$F$2:$F$998,$E3) -> 745333.33 | L3: =AVERAGEIFS(clean!M$2:M$998,clean!$B$2:$B$998,$A3,clean!$C$2:$C$998,$B3,clean!$D$2:$D$998,$C3,clean!$E$2:$E$998,$D3,clean!$F$2:$F$998,$E3) -> 1.9064713e+08 | M3: =AVERAGEIFS(clean!N$2:N$998,clean!$B$2:$B$998,$A3,clean!$C$2:$C$998,$B3,clean!$D$2:$D$998,$C3,clean!$E$2:$E$998,$D3,clean!$F$2:$F$998,$E3) -> 49881800 | ... R3: =AVERAGEIFS(clean!S$2:S$998,clean!$B$2:$B$998,$A3,clean!$C$2:$C$998,$B3,clean!$D$2:$D$998,$C3,clean!$E$2:$E$998,$D3,clean!$F$2:$F$998,$E3) -> 710800 | S3: =H3-K3-N3-Q3-R3 -> 33655900 | T3: =AVERAGEIFS(clean!T$2:T$998,clean!$B$2:$B$998,$A3,clean!$C$2:$C$998,$B3,clean!$D$2:$D$998,$C3,clean!$E$2:$E$998,$D3,clean!$F$2:$F$998,$E3) -> 14415300 | U3: =AVERAGEIFS(clean!U$2:U$998,clean!$B$2:$B$998,$A3,clean!$C$2:$C$998,$B3,clean!$D$2:$D$998,$C3,clean!$E$2:$E$998,$D3,clean!$F$2:$F$998,$E3) -> 2.0674007e+08 | V3: =AVERAGEIFS(clean!V$2:V$998,clean!$B$2:$B$998,$A3,clean!$C$2:$C$998,$B3,clean!$D$2:$D$998,$C3,clean!$E$2:$E$998,$D3,clean!$F$2:$F$998,$E3) -> 1.2315737e+08 | W3: =AVERAGEIFS(clean!W$2:W$998,clean!$B$2:$B$998,$A3,clean!$C$2:$C$998,$B3,clean!$D$2:$D$998,$C3,clean!$E$2:$E$998,$D3,clean!$F$2:$F$998,$E3) -> 153333.33 | X3: =I3-T3-U3-V3-W3 -> 454441000 | Y3: =AVERAGEIFS(clean!X$2:X$998,clean!$B$2:$B$998,$A3,clean!$C$2:$C$998,$B3,clean!$D$2:$D$998,$C3,clean!$E$2:$E$998,$D3,clean!$F$2:$F$998,$E3) -> 3.0051907e+08
A4: 65536 | B4: 4 | C4: 125 | D4: 0.8 | E4: 10 | F4: =AVERAGEIFS(clean!G$2:G$998,clean!$B$2:$B$998,$A4,clean!$C$2:$C$998,$B4,clean!$D$2:$D$998,$C4,clean!$E$2:$E$998,$D4,clean!$F$2:$F$998,$E4) -> 2047 | G4: =AVERAGEIFS(clean!H$2:H$998,clean!$B$2:$B$998,$A4,clean!$C$2:$C$998,$B4,clean!$D$2:$D$998,$C4,clean!$E$2:$E$998,$D4,clean!$F$2:$F$998,$E4) -> 6705.3333 | H4: =AVERAGEIFS(clean!I$2:I$998,clean!$B$2:$B$998,$A4,clean!$C$2:$C$998,$B4,clean!$D$2:$D$998,$C4,clean!$E$2:$E$998,$D4,clean!$F$2:$F$998,$E4) -> 680044100 | I4: =AVERAGEIFS(clean!J$2:J$998,clean!$B$2:$B$998,$A4,clean!$C$2:$C$998,$B4,clean!$D$2:$D$998,$C4,clean!$E$2:$E$998,$D4,clean!$F$2:$F$998,$E4) -> 2.4755987e+09 | J4: =AVERAGEIFS(clean!K$2:K$998,clean!$B$2:$B$998,$A4,clean!$C$2:$C$998,$B4,clean!$D$2:$D$998,$C4,clean!$E$2:$E$998,$D4,clean!$F$2:$F$998,$E4) -> 3.6515359 | K4: =AVERAGEIFS(clean!L$2:L$998,clean!$B$2:$B$998,$A4,clean!$C$2:$C$998,$B4,clean!$D$2:$D$998,$C4,clean!$E$2:$E$998,$D4,clean!$F$2:$F$998,$E4) -> 1560800 | L4: =AVERAGEIFS(clean!M$2:M$998,clean!$B$2:$B$998,$A4,clean!$C$2:$C$998,$B4,clean!$D$2:$D$998,$C4,clean!$E$2:$E$998,$D4,clean!$F$2:$F$998,$E4) -> 3.2401627e+08 | M4: =AVERAGEIFS(clean!N$2:N$998,clean!$B$2:$B$998,$A4,clean!$C$2:$C$998,$B4,clean!$D$2:$D$998,$C4,clean!$E$2:$E$998,$D4,clean!$F$2:$F$998,$E4) -> 234536200 | ... R4: =AVERAGEIFS(clean!S$2:S$998,clean!$B$2:$B$998,$A4,clean!$C$2:$C$998,$B4,clean!$D$2:$D$998,$C4,clean!$E$2:$E$998,$D4,clean!$F$2:$F$998,$E4) -> 733766.67 | S4: =H4-K4-N4-Q4-R4 -> 55262833 | T4: =AVERAGEIFS(clean!T$2:T$998,clean!$B$2:$B$998,$A4,clean!$C$2:$C$998,$B4,clean!$D$2:$D$998,$C4,clean!$E$2:$E$998,$D4,clean!$F$2:$F$998,$E4) -> 21572167 | U4: =AVERAGEIFS(clean!U$2:U$998,clean!$B$2:$B$998,$A4,clean!$C$2:$C$998,$B4,clean!$D$2:$D$998,$C4,clean!$E$2:$E$998,$D4,clean!$F$2:$F$998,$E4) -> 1201428500 | V4: =AVERAGEIFS(clean!V$2:V$998,clean!$B$2:$B$998,$A4,clean!$C$2:$C$998,$B4,clean!$D$2:$D$998,$C4,clean!$E$2:$E$998,$D4,clean!$F$2:$F$998,$E4) -> 3.9707557e+08 | W4: =AVERAGEIFS(clean!W$2:W$998,clean!$B$2:$B$998,$A4,clean!$C$2:$C$998,$B4,clean!$D$2:$D$998,$C4,clean!$E$2:$E$998,$D4,clean!$F$2:$F$998,$E4) -> 162000 | X4: =I4-T4-U4-V4-W4 -> 8.5536043e+08 | Y4: =AVERAGEIFS(clean!X$2:X$998,clean!$B$2:$B$998,$A4,clean!$C$2:$C$998,$B4,clean!$D$2:$D$998,$C4,clean!$E$2:$E$998,$D4,clean!$F$2:$F$998,$E4) -> 680044100
A5: 65536 | B5: 3 | C5: 64 | D5: 0.8 | E5: 10 | F5: =AVERAGEIFS(clean!G$2:G$998,clean!$B$2:$B$998,$A5,clean!$C$2:$C$998,$B5,clean!$D$2:$D$998,$C5,clean!$E$2:$E$998,$D5,clean!$F$2:$F$998,$E5) -> 2047 | G5: =AVERAGEIFS(clean!H$2:H$998,clean!$B$2:$B$998,$A5,clean!$C$2:$C$998,$B5,clean!$D$2:$D$998,$C5,clean!$E$2:$E$998,$D5,clean!$F$2:$F$998,$E5) -> 6825.3333 | H5: =AVERAGEIFS(clean!I$2:I$998,clean!$B$2:$B$998,$A5,clean!$C$2:$C$998,$B5,clean!$D$2:$D$998,$C5,clean!$E$2:$E$998,$D5,clean!$F$2:$F$998,$E5) -> 345786300 | I5: =AVERAGEIFS(clean!J$2:J$998,clean!$B$2:$B$998,$A5,clean!$C$2:$C$998,$B5,clean!$D$2:$D$998,$C5,clean!$E$2:$E$998,$D5,clean!$F$2:$F$998,$E5) -> 1.0853174e+09 | J5: =AVERAGEIFS(clean!K$2:K$998,clean!$B$2:$B$998,$A5,clean!$C$2:$C$998,$B5,clean!$D$2:$D$998,$C5,clean!$E$2:$E$998,$D5,clean!$F$2:$F$998,$E5) -> 3.1495345 | K5: =AVERAGEIFS(clean!L$2:L$998,clean!$B$2:$B$998,$A5,clean!$C$2:$C$998,$B5,clean!$D$2:$D$998,$C5,clean!$E$2:$E$998,$D5,clean!$F$2:$F$998,$E5) -> 1662566.7 | L5: =AVERAGEIFS(clean!M$2:M$998,clean!$B$2:$B$998,$A5,clean!$C$2:$C$998,$B5,clean!$D$2:$D$998,$C5,clean!$E$2:$E$998,$D5,clean!$F$2:$F$998,$E5) -> 1.5521353e+08 | M5: =AVERAGEIFS(clean!N$2:N$998,clean!$B$2:$B$998,$A5,clean!$C$2:$C$998,$B5,clean!$D$2:$D$998,$C5,clean!$E$2:$E$998,$D5,clean!$F$2:$F$998,$E5) -> 80790800 | ... R5: =AVERAGEIFS(clean!S$2:S$998,clean!$B$2:$B$998,$A5,clean!$C$2:$C$998,$B5,clean!$D$2:$D$998,$C5,clean!$E$2:$E$998,$D5,clean!$F$2:$F$998,$E5) -> 673866.67 | S5: =H5-K5-N5-Q5-R5 -> 32745167 | T5: =AVERAGEIFS(clean!T$2:T$998,clean!$B$2:$B$998,$A5,clean!$C$2:$C$998,$B5,clean!$D$2:$D$998,$C5,clean!$E$2:$E$998,$D5,clean!$F$2:$F$998,$E5) -> 17134400 | U5: =AVERAGEIFS(clean!U$2:U$998,clean!$B$2:$B$998,$A5,clean!$C$2:$C$998,$B5,clean!$D$2:$D$998,$C5,clean!$E$2:$E$998,$D5,clean!$F$2:$F$998,$E5) -> 3.3230827e+08 | V5: =AVERAGEIFS(clean!V$2:V$998,clean!$B$2:$B$998,$A5,clean!$C$2:$C$998,$B5,clean!$D$2:$D$998,$C5,clean!$E$2:$E$998,$D5,clean!$F$2:$F$998,$E5) -> 410796900 | W5: =AVERAGEIFS(clean!W$2:W$998,clean!$B$2:$B$998,$A5,clean!$C$2:$C$998,$B5,clean!$D$2:$D$998,$C5,clean!$E$2:$E$998,$D5,clean!$F$2:$F$998,$E5) -> 143700 | X5: =I5-T5-U5-V5-W5 -> 324934100 | Y5: =AVERAGEIFS(clean!X$2:X$998,clean!$B$2:$B$998,$A5,clean!$C$2:$C$998,$B5,clean!$D$2:$D$998,$C5,clean!$E$2:$E$998,$D5,clean!$F$2:$F$998,$E5) -> 345786300
A6: 65536 | B6: 4 | C6: 125 | D6: 0.65 | E6: 10 | F6: =AVERAGEIFS(clean!G$2:G$998,clean!$B$2:$B$998,$A6,clean!$C$2:$C$998,$B6,clean!$D$2:$D$998,$C6,clean!$E$2:$E$998,$D6,clean!$F$2:$F$998,$E6) -> 2047 | G6: =AVERAGEIFS(clean!H$2:H$998,clean!$B$2:$B$998,$A6,clean!$C$2:$C$998,$B6,clean!$D$2:$D$998,$C6,clean!$E$2:$E$998,$D6,clean!$F$2:$F$998,$E6) -> 11972 | H6: =AVERAGEIFS(clean!I$2:I$998,clean!$B$2:$B$998,$A6,clean!$C$2:$C$998,$B6,clean!$D$2:$D$998,$C6,clean!$E$2:$E$998,$D6,clean!$F$2:$F$998,$E6) -> 8.3684193e+08 | I6: =AVERAGEIFS(clean!J$2:J$998,clean!$B$2:$B$998,$A6,clean!$C$2:$C$998,$B6,clean!$D$2:$D$998,$C6,clean!$E$2:$E$998,$D6,clean!$F$2:$F$998,$E6) -> 3728202800 | J6: =AVERAGEIFS(clean!K$2:K$998,clean!$B$2:$B$998,$A6,clean!$C$2:$C$998,$B6,clean!$D$2:$D$998,$C6,clean!$E$2:$E$998,$D6,clean!$F$2:$F$998,$E6) -> 4.4545006 | K6: =AVERAGEIFS(clean!L$2:L$998,clean!$B$2:$B$998,$A6,clean!$C$2:$C$998,$B6,clean!$D$2:$D$998,$C6,clean!$E$2:$E$998,$D6,clean!$F$2:$F$998,$E6) -> 2810466.7 | L6: =AVERAGEIFS(clean!M$2:M$998,clean!$B$2:$B$998,$A6,clean!$C$2:$C$998,$B6,clean!$D$2:$D$998,$C6,clean!$E$2:$E$998,$D6,clean!$F$2:$F$998,$E6) -> 294072600 | M6: =AVERAGEIFS(clean!N$2:N$998,clean!$B$2:$B$998,$A6,clean!$C$2:$C$998,$B6,clean!$D$2:$D$998,$C6,clean!$E$2:$E$998,$D6,clean!$F$2:$F$998,$E6) -> 379075400 | ... R6: =AVERAGEIFS(clean!S$2:S$998,clean!$B$2:$B$998,$A6,clean!$C$2:$C$998,$B6,clean!$D$2:$D$998,$C6,clean!$E$2:$E$998,$D6,clean!$F$2:$F$998,$E6) -> 725500 | S6: =H6-K6-N6-Q6-R6 -> 54778233 | T6: =AVERAGEIFS(clean!T$2:T$998,clean!$B$2:$B$998,$A6,clean!$C$2:$C$998,$B6,clean!$D$2:$D$998,$C6,clean!$E$2:$E$998,$D6,clean!$F$2:$F$998,$E6) -> 25752567 | U6: =AVERAGEIFS(clean!U$2:U$998,clean!$B$2:$B$998,$A6,clean!$C$2:$C$998,$B6,clean!$D$2:$D$998,$C6,clean!$E$2:$E$998,$D6,clean!$F$2:$F$998,$E6) -> 2029296600 | V6: =AVERAGEIFS(clean!V$2:V$998,clean!$B$2:$B$998,$A6,clean!$C$2:$C$998,$B6,clean!$D$2:$D$998,$C6,clean!$E$2:$E$998,$D6,clean!$F$2:$F$998,$E6) -> 7.0884723e+08 | W6: =AVERAGEIFS(clean!W$2:W$998,clean!$B$2:$B$998,$A6,clean!$C$2:$C$998,$B6,clean!$D$2:$D$998,$C6,clean!$E$2:$E$998,$D6,clean!$F$2:$F$998,$E6) -> 144233.33 | X6: =I6-T6-U6-V6-W6 -> 9.6416217e+08 | Y6: =AVERAGEIFS(clean!X$2:X$998,clean!$B$2:$B$998,$A6,clean!$C$2:$C$998,$B6,clean!$D$2:$D$998,$C6,clean!$E$2:$E$998,$D6,clean!$F$2:$F$998,$E6) -> 8.3684193e+08
A7: 65536 | B7: 5 | C7: 216 | D7: 0.95 | E7: 9 | F7: =AVERAGEIFS(clean!G$2:G$998,clean!$B$2:$B$998,$A7,clean!$C$2:$C$998,$B7,clean!$D$2:$D$998,$C7,clean!$E$2:$E$998,$D7,clean!$F$2:$F$998,$E7) -> 1023 | G7: =AVERAGEIFS(clean!H$2:H$998,clean!$B$2:$B$998,$A7,clean!$C$2:$C$998,$B7,clean!$D$2:$D$998,$C7,clean!$E$2:$E$998,$D7,clean!$F$2:$F$998,$E7) -> 3072 | H7: =AVERAGEIFS(clean!I$2:I$998,clean!$B$2:$B$998,$A7,clean!$C$2:$C$998,$B7,clean!$D$2:$D$998,$C7,clean!$E$2:$E$998,$D7,clean!$F$2:$F$998,$E7) -> 848923800 | I7: =AVERAGEIFS(clean!J$2:J$998,clean!$B$2:$B$998,$A7,clean!$C$2:$C$998,$B7,clean!$D$2:$D$998,$C7,clean!$E$2:$E$998,$D7,clean!$F$2:$F$998,$E7) -> 2.3729893e+09 | J7: =AVERAGEIFS(clean!K$2:K$998,clean!$B$2:$B$998,$A7,clean!$C$2:$C$998,$B7,clean!$D$2:$D$998,$C7,clean!$E$2:$E$998,$D7,clean!$F$2:$F$998,$E7) -> 2.7936754 | K7: =AVERAGEIFS(clean!L$2:L$998,clean!$B$2:$B$998,$A7,clean!$C$2:$C$998,$B7,clean!$D$2:$D$998,$C7,clean!$E$2:$E$998,$D7,clean!$F$2:$F$998,$E7) -> 478233.33 | L7: =AVERAGEIFS(clean!M$2:M$998,clean!$B$2:$B$998,$A7,clean!$C$2:$C$998,$B7,clean!$D$2:$D$998,$C7,clean!$E$2:$E$998,$D7,clean!$F$2:$F$998,$E7) -> 5.6874837e+08 | M7: =AVERAGEIFS(clean!N$2:N$998,clean!$B$2:$B$998,$A7,clean!$C$2:$C$998,$B7,clean!$D$2:$D$998,$C7,clean!$E$2:$E$998,$D7,clean!$F$2:$F$998,$E7) -> 98950433 | ... R7: =AVERAGEIFS(clean!S$2:S$998,clean!$B$2:$B$998,$A7,clean!$C$2:$C$998,$B7,clean!$D$2:$D$998,$C7,clean!$E$2:$E$998,$D7,clean!$F$2:$F$998,$E7) -> 708000 | S7: =H7-K7-N7-Q7-R7 -> 73357767 | T7: =AVERAGEIFS(clean!T$2:T$998,clean!$B$2:$B$998,$A7,clean!$C$2:$C$998,$B7,clean!$D$2:$D$998,$C7,clean!$E$2:$E$998,$D7,clean!$F$2:$F$998,$E7) -> 22946067 | U7: =AVERAGEIFS(clean!U$2:U$998,clean!$B$2:$B$998,$A7,clean!$C$2:$C$998,$B7,clean!$D$2:$D$998,$C7,clean!$E$2:$E$998,$D7,clean!$F$2:$F$998,$E7) -> 5.5048817e+08 | V7: =AVERAGEIFS(clean!V$2:V$998,clean!$B$2:$B$998,$A7,clean!$C$2:$C$998,$B7,clean!$D$2:$D$998,$C7,clean!$E$2:$E$998,$D7,clean!$F$2:$F$998,$E7) -> 7.4717627e+08 | W7: =AVERAGEIFS(clean!W$2:W$998,clean!$B$2:$B$998,$A7,clean!$C$2:$C$998,$B7,clean!$D$2:$D$998,$C7,clean!$E$2:$E$998,$D7,clean!$F$2:$F$998,$E7) -> 145000 | X7: =I7-T7-U7-V7-W7 -> 1.0522338e+09 | Y7: =AVERAGEIFS(clean!X$2:X$998,clean!$B$2:$B$998,$A7,clean!$C$2:$C$998,$B7,clean!$D$2:$D$998,$C7,clean!$E$2:$E$998,$D7,clean!$F$2:$F$998,$E7) -> 848923800
A8: 65536 | B8: 3 | C8: 64 | D8: 0.65 | E8: 10 | F8: =AVERAGEIFS(clean!G$2:G$998,clean!$B$2:$B$998,$A8,clean!$C$2:$C$998,$B8,clean!$D$2:$D$998,$C8,clean!$E$2:$E$998,$D8,clean!$F$2:$F$998,$E8) -> 2047 | G8: =AVERAGEIFS(clean!H$2:H$998,clean!$B$2:$B$998,$A8,clean!$C$2:$C$998,$B8,clean!$D$2:$D$998,$C8,clean!$E$2:$E$998,$D8,clean!$F$2:$F$998,$E8) -> 11989.333 | H8: =AVERAGEIFS(clean!I$2:I$998,clean!$B$2:$B$998,$A8,clean!$C$2:$C$998,$B8,clean!$D$2:$D$998,$C8,clean!$E$2:$E$998,$D8,clean!$F$2:$F$998,$E8) -> 4.8173507e+08 | I8: =AVERAGEIFS(clean!J$2:J$998,clean!$B$2:$B$998,$A8,clean!$C$2:$C$998,$B8,clean!$D$2:$D$998,$C8,clean!$E$2:$E$998,$D8,clean!$F$2:$F$998,$E8) -> 1722379700 | J8: =AVERAGEIFS(clean!K$2:K$998,clean!$B$2:$B$998,$A8,clean!$C$2:$C$998,$B8,clean!$D$2:$D$998,$C8,clean!$E$2:$E$998,$D8,clean!$F$2:$F$998,$E8) -> 3.5922599 | K8: =AVERAGEIFS(clean!L$2:L$998,clean!$B$2:$B$998,$A8,clean!$C$2:$C$998,$B8,clean!$D$2:$D$998,$C8,clean!$E$2:$E$998,$D8,clean!$F$2:$F$998,$E8) -> 2737766.7 | L8: =AVERAGEIFS(clean!M$2:M$998,clean!$B$2:$B$998,$A8,clean!$C$2:$C$998,$B8,clean!$D$2:$D$998,$C8,clean!$E$2:$E$998,$D8,clean!$F$2:$F$998,$E8) -> 186709100 | M8: =AVERAGEIFS(clean!N$2:N$998,clean!$B$2:$B$998,$A8,clean!$C$2:$C$998,$B8,clean!$D$2:$D$998,$C8,clean!$E$2:$E$998,$D8,clean!$F$2:$F$998,$E8) -> 136306800 | ... R8: =AVERAGEIFS(clean!S$2:S$998,clean!$B$2:$B$998,$A8,clean!$C$2:$C$998,$B8,clean!$D$2:$D$998,$C8,clean!$E$2:$E$998,$D8,clean!$F$2:$F$998,$E8) -> 719066.67 | S8: =H8-K8-N8-Q8-R8 -> 32900000 | T8: =AVERAGEIFS(clean!T$2:T$998,clean!$B$2:$B$998,$A8,clean!$C$2:$C$998,$B8,clean!$D$2:$D$998,$C8,clean!$E$2:$E$998,$D8,clean!$F$2:$F$998,$E8) -> 19275267 | U8: =AVERAGEIFS(clean!U$2:U$998,clean!$B$2:$B$998,$A8,clean!$C$2:$C$998,$B8,clean!$D$2:$D$998,$C8,clean!$E$2:$E$998,$D8,clean!$F$2:$F$998,$E8) -> 5.5397647e+08 | V8: =AVERAGEIFS(clean!V$2:V$998,clean!$B$2:$B$998,$A8,clean!$C$2:$C$998,$B8,clean!$D$2:$D$998,$C8,clean!$E$2:$E$998,$D8,clean!$F$2:$F$998,$E8) -> 7.1830887e+08 | W8: =AVERAGEIFS(clean!W$2:W$998,clean!$B$2:$B$998,$A8,clean!$C$2:$C$998,$B8,clean!$D$2:$D$998,$C8,clean!$E$2:$E$998,$D8,clean!$F$2:$F$998,$E8) -> 148700 | X8: =I8-T8-U8-V8-W8 -> 4.306704e+08 | Y8: =AVERAGEIFS(clean!X$2:X$998,clean!$B$2:$B$998,$A8,clean!$C$2:$C$998,$B8,clean!$D$2:$D$998,$C8,clean!$E$2:$E$998,$D8,clean!$F$2:$F$998,$E8) -> 4.8173507e+08
A9: 65536 | B9: 7 | C9: 512 | D9: 0.95 | E9: 7 | F9: =AVERAGEIFS(clean!G$2:G$998,clean!$B$2:$B$998,$A9,clean!$C$2:$C$998,$B9,clean!$D$2:$D$998,$C9,clean!$E$2:$E$998,$D9,clean!$F$2:$F$998,$E9) -> 255 | G9: =AVERAGEIFS(clean!H$2:H$998,clean!$B$2:$B$998,$A9,clean!$C$2:$C$998,$B9,clean!$D$2:$D$998,$C9,clean!$E$2:$E$998,$D9,clean!$F$2:$F$998,$E9) -> 256 | H9: =AVERAGEIFS(clean!I$2:I$998,clean!$B$2:$B$998,$A9,clean!$C$2:$C$998,$B9,clean!$D$2:$D$998,$C9,clean!$E$2:$E$998,$D9,clean!$F$2:$F$998,$E9) -> 1808769300 | I9: =AVERAGEIFS(clean!J$2:J$998,clean!$B$2:$B$998,$A9,clean!$C$2:$C$998,$B9,clean!$D$2:$D$998,$C9,clean!$E$2:$E$998,$D9,clean!$F$2:$F$998,$E9) -> 4207049400 | J9: =AVERAGEIFS(clean!K$2:K$998,clean!$B$2:$B$998,$A9,clean!$C$2:$C$998,$B9,clean!$D$2:$D$998,$C9,clean!$E$2:$E$998,$D9,clean!$F$2:$F$998,$E9) -> 2.3290064 | K9: =AVERAGEIFS(clean!L$2:L$998,clean!$B$2:$B$998,$A9,clean!$C$2:$C$998,$B9,clean!$D$2:$D$998,$C9,clean!$E$2:$E$998,$D9,clean!$F$2:$F$998,$E9) -> 100533.33 | L9: =AVERAGEIFS(clean!M$2:M$998,clean!$B$2:$B$998,$A9,clean!$C$2:$C$998,$B9,clean!$D$2:$D$998,$C9,clean!$E$2:$E$998,$D9,clean!$F$2:$F$998,$E9) -> 1.2873876e+09 | M9: =AVERAGEIFS(clean!N$2:N$998,clean!$B$2:$B$998,$A9,clean!$C$2:$C$998,$B9,clean!$D$2:$D$998,$C9,clean!$E$2:$E$998,$D9,clean!$F$2:$F$998,$E9) -> 2.8336463e+08 | ... R9: =AVERAGEIFS(clean!S$2:S$998,clean!$B$2:$B$998,$A9,clean!$C$2:$C$998,$B9,clean!$D$2:$D$998,$C9,clean!$E$2:$E$998,$D9,clean!$F$2:$F$998,$E9) -> 718433.33 | S9: =H9-K9-N9-Q9-R9 -> 95691333 | T9: =AVERAGEIFS(clean!T$2:T$998,clean!$B$2:$B$998,$A9,clean!$C$2:$C$998,$B9,clean!$D$2:$D$998,$C9,clean!$E$2:$E$998,$D9,clean!$F$2:$F$998,$E9) -> 11403900 | U9: =AVERAGEIFS(clean!U$2:U$998,clean!$B$2:$B$998,$A9,clean!$C$2:$C$998,$B9,clean!$D$2:$D$998,$C9,clean!$E$2:$E$998,$D9,clean!$F$2:$F$998,$E9) -> 1521014100 | V9: =AVERAGEIFS(clean!V$2:V$998,clean!$B$2:$B$998,$A9,clean!$C$2:$C$998,$B9,clean!$D$2:$D$998,$C9,clean!$E$2:$E$998,$D9,clean!$F$2:$F$998,$E9) -> 1.1055007e+09 | W9: =AVERAGEIFS(clean!W$2:W$998,clean!$B$2:$B$998,$A9,clean!$C$2:$C$998,$B9,clean!$D$2:$D$998,$C9,clean!$E$2:$E$998,$D9,clean!$F$2:$F$998,$E9) -> 190233.33 | X9: =I9-T9-U9-V9-W9 -> 1.5689404e+09 | Y9: =AVERAGEIFS(clean!X$2:X$998,clean!$B$2:$B$998,$A9,clean!$C$2:$C$998,$B9,clean!$D$2:$D$998,$C9,clean!$E$2:$E$998,$D9,clean!$F$2:$F$998,$E9) -> 1808769300
A10: 65536 | B10: 6 | C10: 343 | D10: 0.95 | E10: 8 | F10: =AVERAGEIFS(clean!G$2:G$998,clean!$B$2:$B$998,$A10,clean!$C$2:$C$998,$B10,clean!$D$2:$D$998,$C10,clean!$E$2:$E$998,$D10,clean!$F$2:$F$998,$E10) -> 511 | G10: =AVERAGEIFS(clean!H$2:H$998,clean!$B$2:$B$998,$A10,clean!$C$2:$C$998,$B10,clean!$D$2:$D$998,$C10,clean!$E$2:$E$998,$D10,clean!$F$2:$F$998,$E10) -> 1024 | H10: =AVERAGEIFS(clean!I$2:I$998,clean!$B$2:$B$998,$A10,clean!$C$2:$C$998,$B10,clean!$D$2:$D$998,$C10,clean!$E$2:$E$998,$D10,clean!$F$2:$F$998,$E10) -> 1.4626073e+09 | I10: =AVERAGEIFS(clean!J$2:J$998,clean!$B$2:$B$998,$A10,clean!$C$2:$C$998,$B10,clean!$D$2:$D$998,$C10,clean!$E$2:$E$998,$D10,clean!$F$2:$F$998,$E10) -> 3.0635774e+09 | J10: =AVERAGEIFS(clean!K$2:K$998,clean!$B$2:$B$998,$A10,clean!$C$2:$C$998,$B10,clean!$D$2:$D$998,$C10,clean!$E$2:$E$998,$D10,clean!$F$2:$F$998,$E10) -> 2.095951 | K10: =AVERAGEIFS(clean!L$2:L$998,clean!$B$2:$B$998,$A10,clean!$C$2:$C$998,$B10,clean!$D$2:$D$998,$C10,clean!$E$2:$E$998,$D10,clean!$F$2:$F$998,$E10) -> 203433.33 | L10: =AVERAGEIFS(clean!M$2:M$998,clean!$B$2:$B$998,$A10,clean!$C$2:$C$998,$B10,clean!$D$2:$D$998,$C10,clean!$E$2:$E$998,$D10,clean!$F$2:$F$998,$E10) -> 1.0821039e+09 | M10: =AVERAGEIFS(clean!N$2:N$998,clean!$B$2:$B$998,$A10,clean!$C$2:$C$998,$B10,clean!$D$2:$D$998,$C10,clean!$E$2:$E$998,$D10,clean!$F$2:$F$998,$E10) -> 143161800 | ... R10: =AVERAGEIFS(clean!S$2:S$998,clean!$B$2:$B$998,$A10,clean!$C$2:$C$998,$B10,clean!$D$2:$D$998,$C10,clean!$E$2:$E$998,$D10,clean!$F$2:$F$998,$E10) -> 684833.33 | S10: =H10-K10-N10-Q10-R10 -> 94791900 | T10: =AVERAGEIFS(clean!T$2:T$998,clean!$B$2:$B$998,$A10,clean!$C$2:$C$998,$B10,clean!$D$2:$D$998,$C10,clean!$E$2:$E$998,$D10,clean!$F$2:$F$998,$E10) -> 20062233 | U10: =AVERAGEIFS(clean!U$2:U$998,clean!$B$2:$B$998,$A10,clean!$C$2:$C$998,$B10,clean!$D$2:$D$998,$C10,clean!$E$2:$E$998,$D10,clean!$F$2:$F$998,$E10) -> 669008100 | V10: =AVERAGEIFS(clean!V$2:V$998,clean!$B$2:$B$998,$A10,clean!$C$2:$C$998,$B10,clean!$D$2:$D$998,$C10,clean!$E$2:$E$998,$D10,clean!$F$2:$F$998,$E10) -> 1.0547141e+09 | W10: =AVERAGEIFS(clean!W$2:W$998,clean!$B$2:$B$998,$A10,clean!$C$2:$C$998,$B10,clean!$D$2:$D$998,$C10,clean!$E$2:$E$998,$D10,clean!$F$2:$F$998,$E10) -> 190500 | X10: =I10-T10-U10-V10-W10 -> 1.3196024e+09 | Y10: =AVERAGEIFS(clean!X$2:X$998,clean!$B$2:$B$998,$A10,clean!$C$2:$C$998,$B10,clean!$D$2:$D$998,$C10,clean!$E$2:$E$998,$D10,clean!$F$2:$F$998,$E10) -> 1.4626073e+09
A11: 65536 | B11: 5 | C11: 216 | D11: 0.8 | E11: 9 | F11: =AVERAGEIFS(clean!G$2:G$998,clean!$B$2:$B$998,$A11,clean!$C$2:$C$998,$B11,clean!$D$2:$D$998,$C11,clean!$E$2:$E$998,$D11,clean!$F$2:$F$998,$E11) -> 1023 | G11: =AVERAGEIFS(clean!H$2:H$998,clean!$B$2:$B$998,$A11,clean!$C$2:$C$998,$B11,clean!$D$2:$D$998,$C11,clean!$E$2:$E$998,$D11,clean!$F$2:$F$998,$E11) -> 4174.6667 | H11: =AVERAGEIFS(clean!I$2:I$998,clean!$B$2:$B$998,$A11,clean!$C$2:$C$998,$B11,clean!$D$2:$D$998,$C11,clean!$E$2:$E$998,$D11,clean!$F$2:$F$998,$E11) -> 1.1147482e+09 | I11: =AVERAGEIFS(clean!J$2:J$998,clean!$B$2:$B$998,$A11,clean!$C$2:$C$998,$B11,clean!$D$2:$D$998,$C11,clean!$E$2:$E$998,$D11,clean!$F$2:$F$998,$E11) -> 3.6872405e+09 | J11: =AVERAGEIFS(clean!K$2:K$998,clean!$B$2:$B$998,$A11,clean!$C$2:$C$998,$B11,clean!$D$2:$D$998,$C11,clean!$E$2:$E$998,$D11,clean!$F$2:$F$998,$E11) -> 3.3066696 | K11: =AVERAGEIFS(clean!L$2:L$998,clean!$B$2:$B$998,$A11,clean!$C$2:$C$998,$B11,clean!$D$2:$D$998,$C11,clean!$E$2:$E$998,$D11,clean!$F$2:$F$998,$E11) -> 950900 | L11: =AVERAGEIFS(clean!M$2:M$998,clean!$B$2:$B$998,$A11,clean!$C$2:$C$998,$B11,clean!$D$2:$D$998,$C11,clean!$E$2:$E$998,$D11,clean!$F$2:$F$998,$E11) -> 5.8366317e+08 | M11: =AVERAGEIFS(clean!N$2:N$998,clean!$B$2:$B$998,$A11,clean!$C$2:$C$998,$B11,clean!$D$2:$D$998,$C11,clean!$E$2:$E$998,$D11,clean!$F$2:$F$998,$E11) -> 3.1427653e+08 | ... R11: =AVERAGEIFS(clean!S$2:S$998,clean!$B$2:$B$998,$A11,clean!$C$2:$C$998,$B11,clean!$D$2:$D$998,$C11,clean!$E$2:$E$998,$D11,clean!$F$2:$F$998,$E11) -> 793033.33 | S11: =H11-K11-N11-Q11-R11 -> 72543633 | T11: =AVERAGEIFS(clean!T$2:T$998,clean!$B$2:$B$998,$A11,clean!$C$2:$C$998,$B11,clean!$D$2:$D$998,$C11,clean!$E$2:$E$998,$D11,clean!$F$2:$F$998,$E11) -> 21735300 | U11: =AVERAGEIFS(clean!U$2:U$998,clean!$B$2:$B$998,$A11,clean!$C$2:$C$998,$B11,clean!$D$2:$D$998,$C11,clean!$E$2:$E$998,$D11,clean!$F$2:$F$998,$E11) -> 1489700700 | V11: =AVERAGEIFS(clean!V$2:V$998,clean!$B$2:$B$998,$A11,clean!$C$2:$C$998,$B11,clean!$D$2:$D$998,$C11,clean!$E$2:$E$998,$D11,clean!$F$2:$F$998,$E11) -> 1029280300 | W11: =AVERAGEIFS(clean!W$2:W$998,clean!$B$2:$B$998,$A11,clean!$C$2:$C$998,$B11,clean!$D$2:$D$998,$C11,clean!$E$2:$E$998,$D11,clean!$F$2:$F$998,$E11) -> 165133.33 | X11: =I11-T11-U11-V11-W11 -> 1.146359e+09 | Y11: =AVERAGEIFS(clean!X$2:X$998,clean!$B$2:$B$998,$A11,clean!$C$2:$C$998,$B11,clean!$D$2:$D$998,$C11,clean!$E$2:$E$998,$D11,clean!$F$2:$F$998,$E11) -> 1.1147482e+09
A12: 65536 | B12: 6 | C12: 343 | D12: 0.8 | E12: 8 | F12: =AVERAGEIFS(clean!G$2:G$998,clean!$B$2:$B$998,$A12,clean!$C$2:$C$998,$B12,clean!$D$2:$D$998,$C12,clean!$E$2:$E$998,$D12,clean!$F$2:$F$998,$E12) -> 511 | G12: =AVERAGEIFS(clean!H$2:H$998,clean!$B$2:$B$998,$A12,clean!$C$2:$C$998,$B12,clean!$D$2:$D$998,$C12,clean!$E$2:$E$998,$D12,clean!$F$2:$F$998,$E12) -> 1869.3333 | H12: =AVERAGEIFS(clean!I$2:I$998,clean!$B$2:$B$998,$A12,clean!$C$2:$C$998,$B12,clean!$D$2:$D$998,$C12,clean!$E$2:$E$998,$D12,clean!$F$2:$F$998,$E12) -> 1.8123098e+09 | I12: =AVERAGEIFS(clean!J$2:J$998,clean!$B$2:$B$998,$A12,clean!$C$2:$C$998,$B12,clean!$D$2:$D$998,$C12,clean!$E$2:$E$998,$D12,clean!$F$2:$F$998,$E12) -> 5.2018297e+09 | J12: =AVERAGEIFS(clean!K$2:K$998,clean!$B$2:$B$998,$A12,clean!$C$2:$C$998,$B12,clean!$D$2:$D$998,$C12,clean!$E$2:$E$998,$D12,clean!$F$2:$F$998,$E12) -> 2.8746031 | K12: =AVERAGEIFS(clean!L$2:L$998,clean!$B$2:$B$998,$A12,clean!$C$2:$C$998,$B12,clean!$D$2:$D$998,$C12,clean!$E$2:$E$998,$D12,clean!$F$2:$F$998,$E12) -> 395466.67 | L12: =AVERAGEIFS(clean!M$2:M$998,clean!$B$2:$B$998,$A12,clean!$C$2:$C$998,$B12,clean!$D$2:$D$998,$C12,clean!$E$2:$E$998,$D12,clean!$F$2:$F$998,$E12) -> 1.0861844e+09 | M12: =AVERAGEIFS(clean!N$2:N$998,clean!$B$2:$B$998,$A12,clean!$C$2:$C$998,$B12,clean!$D$2:$D$998,$C12,clean!$E$2:$E$998,$D12,clean!$F$2:$F$998,$E12) -> 3.7594453e+08 | ... R12: =AVERAGEIFS(clean!S$2:S$998,clean!$B$2:$B$998,$A12,clean!$C$2:$C$998,$B12,clean!$D$2:$D$998,$C12,clean!$E$2:$E$998,$D12,clean!$F$2:$F$998,$E12) -> 720600 | S12: =H12-K12-N12-Q12-R12 -> 94196600 | T12: =AVERAGEIFS(clean!T$2:T$998,clean!$B$2:$B$998,$A12,clean!$C$2:$C$998,$B12,clean!$D$2:$D$998,$C12,clean!$E$2:$E$998,$D12,clean!$F$2:$F$998,$E12) -> 18052433 | U12: =AVERAGEIFS(clean!U$2:U$998,clean!$B$2:$B$998,$A12,clean!$C$2:$C$998,$B12,clean!$D$2:$D$998,$C12,clean!$E$2:$E$998,$D12,clean!$F$2:$F$998,$E12) -> 1.7716255e+09 | V12: =AVERAGEIFS(clean!V$2:V$998,clean!$B$2:$B$998,$A12,clean!$C$2:$C$998,$B12,clean!$D$2:$D$998,$C12,clean!$E$2:$E$998,$D12,clean!$F$2:$F$998,$E12) -> 1909187500 | W12: =AVERAGEIFS(clean!W$2:W$998,clean!$B$2:$B$998,$A12,clean!$C$2:$C$998,$B12,clean!$D$2:$D$998,$C12,clean!$E$2:$E$998,$D12,clean!$F$2:$F$998,$E12) -> 151800 | X12: =I12-T12-U12-V12-W12 -> 1.5028125e+09 | Y12: =AVERAGEIFS(clean!X$2:X$998,clean!$B$2:$B$998,$A12,clean!$C$2:$C$998,$B12,clean!$D$2:$D$998,$C12,clean!$E$2:$E$998,$D12,clean!$F$2:$F$998,$E12) -> 1.8123098e+09
A13: 65536 | B13: 5 | C13: 216 | D13: 0.65 | E13: 9 | F13: =AVERAGEIFS(clean!G$2:G$998,clean!$B$2:$B$998,$A13,clean!$C$2:$C$998,$B13,clean!$D$2:$D$998,$C13,clean!$E$2:$E$998,$D13,clean!$F$2:$F$998,$E13) -> 1023 | G13: =AVERAGEIFS(clean!H$2:H$998,clean!$B$2:$B$998,$A13,clean!$C$2:$C$998,$B13,clean!$D$2:$D$998,$C13,clean!$E$2:$E$998,$D13,clean!$F$2:$F$998,$E13) -> 8340 | H13: =AVERAGEIFS(clean!I$2:I$998,clean!$B$2:$B$998,$A13,clean!$C$2:$C$998,$B13,clean!$D$2:$D$998,$C13,clean!$E$2:$E$998,$D13,clean!$F$2:$F$998,$E13) -> 1.9037465e+09 | I13: =AVERAGEIFS(clean!J$2:J$998,clean!$B$2:$B$998,$A13,clean!$C$2:$C$998,$B13,clean!$D$2:$D$998,$C13,clean!$E$2:$E$998,$D13,clean!$F$2:$F$998,$E13) -> 5.4704292e+09 | J13: =AVERAGEIFS(clean!K$2:K$998,clean!$B$2:$B$998,$A13,clean!$C$2:$C$998,$B13,clean!$D$2:$D$998,$C13,clean!$E$2:$E$998,$D13,clean!$F$2:$F$998,$E13) -> 2.8761545 | K13: =AVERAGEIFS(clean!L$2:L$998,clean!$B$2:$B$998,$A13,clean!$C$2:$C$998,$B13,clean!$D$2:$D$998,$C13,clean!$E$2:$E$998,$D13,clean!$F$2:$F$998,$E13) -> 1422300 | L13: =AVERAGEIFS(clean!M$2:M$998,clean!$B$2:$B$998,$A13,clean!$C$2:$C$998,$B13,clean!$D$2:$D$998,$C13,clean!$E$2:$E$998,$D13,clean!$F$2:$F$998,$E13) -> 5.1301963e+08 | M13: =AVERAGEIFS(clean!N$2:N$998,clean!$B$2:$B$998,$A13,clean!$C$2:$C$998,$B13,clean!$D$2:$D$998,$C13,clean!$E$2:$E$998,$D13,clean!$F$2:$F$998,$E13) -> 4.6654837e+08 | ... R13: =AVERAGEIFS(clean!S$2:S$998,clean!$B$2:$B$998,$A13,clean!$C$2:$C$998,$B13,clean!$D$2:$D$998,$C13,clean!$E$2:$E$998,$D13,clean!$F$2:$F$998,$E13) -> 689300 | S13: =H13-K13-N13-Q13-R13 -> 6.4117223e+08 | T13: =AVERAGEIFS(clean!T$2:T$998,clean!$B$2:$B$998,$A13,clean!$C$2:$C$998,$B13,clean!$D$2:$D$998,$C13,clean!$E$2:$E$998,$D13,clean!$F$2:$F$998,$E13) -> 18435000 | U13: =AVERAGEIFS(clean!U$2:U$998,clean!$B$2:$B$998,$A13,clean!$C$2:$C$998,$B13,clean!$D$2:$D$998,$C13,clean!$E$2:$E$998,$D13,clean!$F$2:$F$998,$E13) -> 2232373400 | V13: =AVERAGEIFS(clean!V$2:V$998,clean!$B$2:$B$998,$A13,clean!$C$2:$C$998,$B13,clean!$D$2:$D$998,$C13,clean!$E$2:$E$998,$D13,clean!$F$2:$F$998,$E13) -> 2065882300 | W13: =AVERAGEIFS(clean!W$2:W$998,clean!$B$2:$B$998,$A13,clean!$C$2:$C$998,$B13,clean!$D$2:$D$998,$C13,clean!$E$2:$E$998,$D13,clean!$F$2:$F$998,$E13) -> 161700 | X13: =I13-T13-U13-V13-W13 -> 1.1535768e+09 | Y13: =AVERAGEIFS(clean!X$2:X$998,clean!$B$2:$B$998,$A13,clean!$C$2:$C$998,$B13,clean!$D$2:$D$998,$C13,clean!$E$2:$E$998,$D13,clean!$F$2:$F$998,$E13) -> 1.9037465e+09
... A151: 1048576 | B151: 7 | C151: 512 | D151: 0.2 | E151: 11 | F151: =AVERAGEIFS(clean!G$2:G$998,clean!$B$2:$B$998,$A151,clean!$C$2:$C$998,$B151,clean!$D$2:$D$998,$C151,clean!$E$2:$E$998,$D151,clean!$F$2:$F$998,$E151) -> 4095 | G151: =AVERAGEIFS(clean!H$2:H$998,clean!$B$2:$B$998,$A151,clean!$C$2:$C$998,$B151,clean!$D$2:$D$998,$C151,clean!$E$2:$E$998,$D151,clean!$F$2:$F$998,$E151) -> 958536 | H151: =AVERAGEIFS(clean!I$2:I$998,clean!$B$2:$B$998,$A151,clean!$C$2:$C$998,$B151,clean!$D$2:$D$998,$C151,clean!$E$2:$E$998,$D151,clean!$F$2:$F$998,$E151) -> 689438423400 | I151: =AVERAGEIFS(clean!J$2:J$998,clean!$B$2:$B$998,$A151,clean!$C$2:$C$998,$B151,clean!$D$2:$D$998,$C151,clean!$E$2:$E$998,$D151,clean!$F$2:$F$998,$E151) -> 5046620688500 | J151: =AVERAGEIFS(clean!K$2:K$998,clean!$B$2:$B$998,$A151,clean!$C$2:$C$998,$B151,clean!$D$2:$D$998,$C151,clean!$E$2:$E$998,$D151,clean!$F$2:$F$998,$E151) -> 7.319883 | K151: =AVERAGEIFS(clean!L$2:L$998,clean!$B$2:$B$998,$A151,clean!$C$2:$C$998,$B151,clean!$D$2:$D$998,$C151,clean!$E$2:$E$998,$D151,clean!$F$2:$F$998,$E151) -> 141157100 | L151: =AVERAGEIFS(clean!M$2:M$998,clean!$B$2:$B$998,$A151,clean!$C$2:$C$998,$B151,clean!$D$2:$D$998,$C151,clean!$E$2:$E$998,$D151,clean!$F$2:$F$998,$E151) -> 1.6558189e+10 | M151: =AVERAGEIFS(clean!N$2:N$998,clean!$B$2:$B$998,$A151,clean!$C$2:$C$998,$B151,clean!$D$2:$D$998,$C151,clean!$E$2:$E$998,$D151,clean!$F$2:$F$998,$E151) -> 1.5162429e+11 | ... R151: =AVERAGEIFS(clean!S$2:S$998,clean!$B$2:$B$998,$A151,clean!$C$2:$C$998,$B151,clean!$D$2:$D$998,$C151,clean!$E$2:$E$998,$D151,clean!$F$2:$F$998,$E151) -> 18094367 | S151: =H151-K151-N151-Q151-R151 -> 1.9851821e+09 | T151: =AVERAGEIFS(clean!T$2:T$998,clean!$B$2:$B$998,$A151,clean!$C$2:$C$998,$B151,clean!$D$2:$D$998,$C151,clean!$E$2:$E$998,$D151,clean!$F$2:$F$998,$E151) -> 7.6447873e+08 | U151: =AVERAGEIFS(clean!U$2:U$998,clean!$B$2:$B$998,$A151,clean!$C$2:$C$998,$B151,clean!$D$2:$D$998,$C151,clean!$E$2:$E$998,$D151,clean!$F$2:$F$998,$E151) -> 8.0459622e+11 | V151: =AVERAGEIFS(clean!V$2:V$998,clean!$B$2:$B$998,$A151,clean!$C$2:$C$998,$B151,clean!$D$2:$D$998,$C151,clean!$E$2:$E$998,$D151,clean!$F$2:$F$998,$E151) -> 4216013898300 | W151: =AVERAGEIFS(clean!W$2:W$998,clean!$B$2:$B$998,$A151,clean!$C$2:$C$998,$B151,clean!$D$2:$D$998,$C151,clean!$E$2:$E$998,$D151,clean!$F$2:$F$998,$E151) -> 3848600 | X151: =I151-T151-U151-V151-W151 -> 2.524224e+10 | Y151: =AVERAGEIFS(clean!X$2:X$998,clean!$B$2:$B$998,$A151,clean!$C$2:$C$998,$B151,clean!$D$2:$D$998,$C151,clean!$E$2:$E$998,$D151,clean!$F$2:$F$998,$E151) -> 689438423400

Sheet X
A1: N | B1: n | C1: N0 | D1: eta | E1: max_level | F1: num_clus | G1: min_nei | H1: t | I1: gpu_time | J1: cpu_time | K1: X total | L1: X M2L | M1: X P2P | N1: X update | O1: X collect | P1: X others FF | Q1: share GPU collect | R1: share GPU FF | S1: share GPU M2l | T1: share GPU NF | U1: share GPU update | V1: share CPU collect | W1: share CPU FF | X1: share CPU M2L | Y1: share CPU NF | Z1: share CPU update | AA1: share CPU others FF | AB1: ratio sahre NF/FF
A2: 524288 | B2: 4 | C2: 125 | D2: 0.95 | E2: 13 | F2: 16383 | G2: 16400 | H2: =A2/F2 -> 32.001953 | I2: 3.5023082e+09 | J2: 13498594600 | K2: =avg!I93/avg!H93 -> 3.8541996 | L2: =avg!U93/avg!N93 -> 2.2907904 | M2: =avg!V93/avg!Q93 -> 6.6018726 | N2: =avg!W93/avg!R93 -> 0.44616118 | O2: =avg!T93/avg!K93 -> 47.334086 | P2: =avg!X2/avg!S2 -> 13.304144 | Q2: =avg!K93/avg!H93 -> 0.0015041795 | R2: =1-Q2-T2-U2 -> 0.95331262 | S2: =avg!N93/avg!H93 -> 0.73033906 | T2: =avg!Q93/avg!H93 -> 0.044006036 | U2: =avg!R93/avg!H93 -> 0.0011771665 | V2: =avg!T93/avg!I93 -> 0.018473086 | W2: =1-V2-Y2-Z2 -> 0.90601254 | X2: =avg!U93/avg!I93 -> 0.43408591 | Y2: =avg!V93/avg!I93 -> 0.075378101 | Z2: =avg!W93/avg!I93 -> 0.00013626851 | AA2: =W2-X2 -> 0.47192663 | AB2: =Y2/W2 -> 0.083197636
A3: 65536 | B3: 4 | C3: 125 | D3: 0.95 | E3: 10 | F3: 2047 | G3: 2052 | H3: =A3/F3 -> 32.015633 | I3: 5.5375593e+08 | J3: 1.6449164e+09 | K3: =avg!I2/avg!H2 -> 2.9704719 | L3: =avg!U2/avg!N2 -> 1.5619457 | M3: =avg!V2/avg!Q2 -> 6.0013575 | N3: =avg!W2/avg!R2 -> 0.21230482 | O3: =avg!T2/avg!K2 -> 30.827992 | P3: =avg!X3/avg!S3 -> 13.502566 | Q3: =avg!K2/avg!H2 -> 0.0014124153 | R3: =1-Q3-T3-U3 -> 0.95845119 | S3: =avg!N2/avg!H2 -> 0.85655504 | T3: =avg!Q2/avg!H2 -> 0.038844911 | U3: =avg!R2/avg!H2 -> 0.0012914835 | V3: =avg!T2/avg!I2 -> 0.014658252 | W3: =1-V3-Y3-Z3 -> 0.90676959 | X3: =avg!U2/avg!I2 -> 0.45039727 | Y3: =avg!V2/avg!I2 -> 0.078479853 | Z3: =avg!W2/avg!I2 -> 9.2304588e-05 | AA3: =W3-X3 -> 0.45637232 | AB3: =Y3/W3 -> 0.086548837
A4: 131072 | B4: 5 | C4: 216 | D4: 0.95 | E4: 10 | F4: 2047 | G4: 2048 | H4: =A4/F4 -> 64.031265 | I4: 1578618800 | J4: 5.1314803e+09 | K4: =avg!I32/avg!H32 -> 3.2506139 | L4: =avg!U32/avg!N32 -> 1.593168 | M4: =avg!V32/avg!Q32 -> 6.9645128 | N4: =avg!W32/avg!R32 -> 0.31766639 | O4: =avg!T32/avg!K32 -> 52.038583 | P4: =avg!X4/avg!S4 -> 15.478042 | Q4: =avg!K32/avg!H32 -> 0.00051608406 | R4: =1-Q4-T4-U4 -> 0.95236293 | S4: =avg!N32/avg!H32 -> 0.85935545 | T4: =avg!Q32/avg!H32 -> 0.046337026 | U4: =avg!R32/avg!H32 -> 0.00078395536 | V4: =avg!T32/avg!I32 -> 0.008261911 | W4: =1-V4-Y4-Z4 -> 0.89238337 | X4: =avg!U32/avg!I32 -> 0.42118124 | Y4: =avg!V32/avg!I32 -> 0.099278111 | Z4: =avg!W32/avg!I32 -> 7.6612072e-05 | AA4: =W4-X4 -> 0.47120213 | AB4: =Y4/W4 -> 0.11125052
A5: 1048576 | B5: 5 | C5: 216 | D5: 0.95 | E5: 13 | F5: 16383 | G5: 16384 | H5: =A5/F5 -> 64.003906 | I5: 11699558900 | J5: 3.9534741e+10 | K5: =avg!I122/avg!H122 -> 3.3791651 | L5: =avg!U122/avg!N122 -> 1.8269684 | M5: =avg!V122/avg!Q122 -> 7.0827108 | N5: =avg!W122/avg!R122 -> 0.46019193 | O5: =avg!T122/avg!K122 -> 157.4559 | P5: =avg!X5/avg!S5 -> 9.9231164 | Q5: =avg!K122/avg!H122 -> 0.00045443594 | R5: =1-Q5-T5-U5 -> 0.94933589 | S5: =avg!N122/avg!H122 -> 0.80828927 | T5: =avg!Q122/avg!H122 -> 0.0495111 | U5: =avg!R122/avg!H122 -> 0.0006985705 | V5: =avg!T122/avg!I122 -> 0.02117494 | W5: =1-V5-Y5-Z5 -> 0.87495494 | X5: =avg!U122/avg!I122 -> 0.43700704 | Y5: =avg!V122/avg!I122 -> 0.10377498 | Z5: =avg!W122/avg!I122 -> 9.5134892e-05 | AA5: =W5-X5 -> 0.4379479 | AB5: =Y5/W5 -> 0.11860609
A6: 65536 | B6: 3 | C6: 64 | D6: 0.95 | E6: 10 | F6: 2047 | G6: 2049.3333 | H6: =A6/F6 -> 32.015633 | I6: 3.0051907e+08 | J6: 7.9890707e+08 | K6: =avg!I3/avg!H3 -> 2.6584239 | L6: =avg!U3/avg!N3 -> 0.85952265 | M6: =avg!V3/avg!Q3 -> 4.950433 | N6: =avg!W3/avg!R3 -> 0.21571938 | O6: =avg!T3/avg!K3 -> 19.340742 | P6: =avg!X6/avg!S6 -> 17.601191 | Q6: =avg!K3/avg!H3 -> 0.0024801532 | R6: =1-Q6-T6-U6 -> 0.91237084 | S6: =avg!N3/avg!H3 -> 0.80037828 | T6: =avg!Q3/avg!H3 -> 0.082783766 | U6: =avg!R3/avg!H3 -> 0.0023652409 | V6: =avg!T3/avg!I3 -> 0.018043776 | W6: =1-V6-Y6-Z6 -> 0.82760698 | X6: =avg!U3/avg!I3 -> 0.25877862 | Y6: =avg!V3/avg!I3 -> 0.15415731 | Z6: =avg!W3/avg!I3 -> 0.00019192887 | AA6: =W6-X6 -> 0.56882836 | AB6: =Y6/W6 -> 0.18626874
A7: 65536 | B7: 4 | C7: 125 | D7: 0.8 | E7: 10 | F7: 2047 | G7: 6705.3333 | H7: =A7/F7 -> 32.015633 | I7: 680044100 | J7: 2.4755987e+09 | K7: =avg!I4/avg!H4 -> 3.6403502 | L7: =avg!U4/avg!N4 -> 2.150968 | M7: =avg!V4/avg!Q4 -> 6.2106879 | N7: =avg!W4/avg!R4 -> 0.22077863 | O7: =avg!T4/avg!K4 -> 13.821224 | P7: =avg!X7/avg!S7 -> 14.343863 | Q7: =avg!K4/avg!H4 -> 0.0022951453 | R7: =1-Q7-T7-U7 -> 0.90261102 | S7: =avg!N4/avg!H4 -> 0.82134742 | T7: =avg!Q4/avg!H4 -> 0.094014834 | U7: =avg!R4/avg!H4 -> 0.0010789987 | V7: =avg!T4/avg!I4 -> 0.0087139192 | W7: =1-V7-Y7-Z7 -> 0.83082487 | X7: =avg!U4/avg!I4 -> 0.48530827 | Y7: =avg!V4/avg!I4 -> 0.16039577 | Z7: =avg!W4/avg!I4 -> 6.5438717e-05 | AA7: =W7-X7 -> 0.3455166 | AB7: =Y7/W7 -> 0.19305606
A8: 262144 | B8: 6 | C8: 343 | D8: 0.95 | E8: 10 | F8: 2047 | G8: 2048 | H8: =A8/F8 -> 128.06253 | I8: 5.8526226e+09 | J8: 1.3190028e+10 | K8: =avg!I66/avg!H66 -> 2.2536954 | L8: =avg!U66/avg!N66 -> 1.123191 | M8: =avg!V66/avg!Q66 -> 7.4916516 | N8: =avg!W66/avg!R66 -> 0.41662466 | O8: =avg!T66/avg!K66 -> 94.315107 | P8: =avg!X8/avg!S8 -> 13.090286 | Q8: =avg!K66/avg!H66 -> 0.00013259583 | R8: =1-Q8-T8-U8 -> 0.95095544 | S8: =avg!N66/avg!H66 -> 0.81463683 | T8: =avg!Q66/avg!H66 -> 0.048550394 | U8: =avg!R66/avg!H66 -> 0.0003615701 | V8: =avg!T66/avg!I66 -> 0.0055490151 | W8: =1-V8-Y8-Z8 -> 0.8329947 | X8: =avg!U66/avg!I66 -> 0.40599665 | Y8: =avg!V66/avg!I66 -> 0.16138944 | Z8: =avg!W66/avg!I66 -> 6.6840898e-05 | AA8: =W8-X8 -> 0.42699805 | AB8: =Y8/W8 -> 0.19374606
A9: 524288 | B9: 4 | C9: 125 | D9: 0.8 | E9: 13 | F9: 16383 | G9: 55018.667 | H9: =A9/F9 -> 32.001953 | I9: 4.5314254e+09 | J9: 2.0240341e+10 | K9: =avg!I95/avg!H95 -> 4.4666609 | L9: =avg!U95/avg!N95 -> 3.0719226 | M9: =avg!V95/avg!Q95 -> 6.7580102 | N9: =avg!W95/avg!R95 -> 0.45630595 | O9: =avg!T95/avg!K95 -> 40.603249 | P9: =avg!X9/avg!S9 -> 16.395847 | Q9: =avg!K95/avg!H95 -> 0.0029334184 | R9: =1-Q9-T9-U9 -> 0.88778652 | S9: =avg!N95/avg!H95 -> 0.71619251 | T9: =avg!Q95/avg!H95 -> 0.10835967 | U9: =avg!R95/avg!H95 -> 0.00092038735 | V9: =avg!T95/avg!I95 -> 0.026665628 | W9: =1-V9-Y9-Z9 -> 0.80929332 | X9: =avg!U95/avg!I95 -> 0.49255764 | Y9: =avg!V95/avg!I95 -> 0.16394702 | Z9: =avg!W95/avg!I95 -> 9.4025096e-05 | AA9: =W9-X9 -> 0.31673569 | AB9: =Y9/W9 -> 0.20258047
A10: 131072 | B10: 4 | C10: 125 | D10: 0.95 | E10: 11 | F10: 4095 | G10: 8192 | H10: =A10/F10 -> 32.007814 | I10: 7.8717473e+08 | J10: 3.0051593e+09 | K10: =avg!I33/avg!H33 -> 3.8176521 | L10: =avg!U33/avg!N33 -> 1.2235803 | M10: =avg!V33/avg!Q33 -> 6.7385611 | N10: =avg!W33/avg!R33 -> 0.27696522 | O10: =avg!T33/avg!K33 -> 30.123885 | P10: =avg!X10/avg!S10 -> 13.921046 | Q10: =avg!K33/avg!H33 -> 0.0017285446 | R10: =1-Q10-T10-U10 -> 0.90333633 | S10: =avg!N33/avg!H33 -> 0.7642382 | T10: =avg!Q33/avg!H33 -> 0.09329644 | U10: =avg!R33/avg!H33 -> 0.0016386874 | V10: =avg!T33/avg!I33 -> 0.013639399 | W10: =1-V10-Y10-Z10 -> 0.8215636 | X10: =avg!U33/avg!I33 -> 0.2449429 | Y10: =avg!V33/avg!I33 -> 0.16467812 | Z10: =avg!W33/avg!I33 -> 0.00011888444 | AA10: =W10-X10 -> 0.5766207 | AB10: =Y10/W10 -> 0.20044476
A11: 1048576 | B11: 4 | C11: 125 | D11: 0.95 | E11: 14 | F11: 32767 | G11: 65536 | H11: =A11/F11 -> 32.000977 | I11: 5915642300 | J11: 23327100800 | K11: =avg!I124/avg!H124 -> 3.9432913 | L11: =avg!U124/avg!N124 -> 1.4768298 | M11: =avg!V124/avg!Q124 -> 6.8504184 | N11: =avg!W124/avg!R124 -> 0.47343849 | O11: =avg!T124/avg!K124 -> 84.740793 | P11: =avg!X11/avg!S11 -> 15.802338 | Q11: =avg!K124/avg!H124 -> 0.0017446457 | R11: =1-Q11-T11-U11 -> 0.89852591 | S11: =avg!N124/avg!H124 -> 0.67196703 | T11: =avg!Q124/avg!H124 -> 0.098374074 | U11: =avg!R124/avg!H124 -> 0.0013553671 | V11: =avg!T124/avg!I124 -> 0.037492199 | W11: =1-V11-Y11-Z11 -> 0.79144632 | X11: =avg!U124/avg!I124 -> 0.2516631 | Y11: =avg!V124/avg!I124 -> 0.17089875 | Z11: =avg!W124/avg!I124 -> 0.00016272775 | AA11: =W11-X11 -> 0.53978322 | AB11: =Y11/W11 -> 0.21593221
A12: 524288 | B12: 3 | C12: 64 | D12: 0.95 | E12: 13 | F12: 16383 | G12: 16398.667 | H12: =A12/F12 -> 32.001953 | I12: 1.407393e+09 | J12: 5789837700 | K12: =avg!I92/avg!H92 -> 4.1138741 | L12: =avg!U92/avg!N92 -> 1.6782757 | M12: =avg!V92/avg!Q92 -> 6.6761182 | N12: =avg!W92/avg!R92 -> 0.44751835 | O12: =avg!T92/avg!K92 -> 25.946547 | P12: =avg!X12/avg!S12 -> 15.954 | Q12: =avg!K92/avg!H92 -> 0.0052825566 | R12: =1-Q12-T12-U12 -> 0.88243223 | S12: =avg!N92/avg!H92 -> 0.67673766 | T12: =avg!Q92/avg!H92 -> 0.10934619 | U12: =avg!R92/avg!H92 -> 0.0029390274 | V12: =avg!T92/avg!I92 -> 0.033317526 | W12: =1-V12-Y12-Z12 -> 0.78891248 | X12: =avg!U92/avg!I92 -> 0.27607855 | Y12: =avg!V92/avg!I92 -> 0.17745028 | Z12: =avg!W92/avg!I92 -> 0.00031971535 | AA12: =W12-X12 -> 0.51283393 | AB12: =Y12/W12 -> 0.22493024
A13: 1048576 | B13: 4 | C13: 125 | D13: 0.8 | E13: 14 | F13: 32767 | G13: 115997.33 | H13: =A13/F13 -> 32.000977 | I13: 8.2927996e+09 | J13: 3.7694101e+10 | K13: =avg!I126/avg!H126 -> 4.5454012 | L13: =avg!U126/avg!N126 -> 2.8897327 | M13: =avg!V126/avg!Q126 -> 6.8085216 | N13: =avg!W126/avg!R126 -> 0.44391418 | O13: =avg!T126/avg!K126 -> 35.212383 | P13: =avg!X13/avg!S13 -> 1.7991684 | Q13: =avg!K126/avg!H126 -> 0.0029302248 | R13: =1-Q13-T13-U13 -> 0.87082425 | S13: =avg!N126/avg!H126 -> 0.70859651 | T13: =avg!Q126/avg!H126 -> 0.12522892 | U13: =avg!R126/avg!H126 -> 0.0010166088 | V13: =avg!T126/avg!I126 -> 0.02269991 | W13: =1-V13-Y13-Z13 -> 0.78962137 | X13: =avg!U126/avg!I126 -> 0.45048928 | Y13: =avg!V126/avg!I126 -> 0.18757943 | Z13: =avg!W126/avg!I126 -> 9.9284323e-05 | AA13: =W13-X13 -> 0.3391321 | AB13: =Y13/W13 -> 0.23755617
A14: 131072 | B14: 4 | C14: 125 | D14: 0.8 | E14: 11 | F14: 4095 | G14: 14538.667 | H14: =A14/F14 -> 32.007814 | I14: 1.1605796e+09 | J14: 4.6640661e+09 | K14: =avg!I35/avg!H35 -> 4.0187386 | L14: =avg!U35/avg!N35 -> 2.3184144 | M14: =avg!V35/avg!Q35 -> 6.7563061 | N14: =avg!W35/avg!R35 -> 0.28757215 | O14: =avg!T35/avg!K35 -> 14.514472 | P14: =avg!X14/avg!S14 -> 2.1293398 | Q14: =avg!K35/avg!H35 -> 0.0025989025 | R14: =1-Q14-T14-U14 -> 0.88385487 | S14: =avg!N35/avg!H35 -> 0.78412738 | T14: =avg!Q35/avg!H35 -> 0.1123669 | U14: =avg!R35/avg!H35 -> 0.0011793245 | V14: =avg!T35/avg!I35 -> 0.0093864521 | W14: =1-V14-Y14-Z14 -> 0.80161785 | X14: =avg!U35/avg!I35 -> 0.45236389 | Y14: =avg!V35/avg!I35 -> 0.18891131 | Z14: =avg!W35/avg!I35 -> 8.4389884e-05 | AA14: =W14-X14 -> 0.34925396 | AB14: =Y14/W14 -> 0.23566255
A15: 65536 | B15: 4 | C15: 125 | D15: 0.65 | E15: 10 | F15: 2047 | G15: 11972 | H15: =A15/F15 -> 32.015633 | I15: 8.3684193e+08 | J15: 3728202800 | K15: =avg!I6/avg!H6 -> 4.455086 | L15: =avg!U6/avg!N6 -> 3.0146366 | M15: =avg!V6/avg!Q6 -> 6.7265992 | N15: =avg!W6/avg!R6 -> 0.19880542 | O15: =avg!T6/avg!K6 -> 9.1630927 | P15: =avg!X15/avg!S15 -> 11.379104 | Q15: =avg!K6/avg!H6 -> 0.00335842 | R15: =1-Q15-T15-U15 -> 0.86984914 | S15: =avg!N6/avg!H6 -> 0.80439086 | T15: =avg!Q6/avg!H6 -> 0.12592549 | U15: =avg!R6/avg!H6 -> 0.00086694986 | V15: =avg!T6/avg!I6 -> 0.0069075016 | W15: =1-V15-Y15-Z15 -> 0.80292273 | X15: =avg!U6/avg!I6 -> 0.54430961 | Y15: =avg!V6/avg!I6 -> 0.19013108 | Z15: =avg!W6/avg!I6 -> 3.8687094e-05 | AA15: =W15-X15 -> 0.25861312 | AB15: =Y15/W15 -> 0.23679873
A16: 524288 | B16: 4 | C16: 125 | D16: 0.65 | E16: 13 | F16: 16383 | G16: 101365.33 | H16: =A16/F16 -> 32.001953 | I16: 6.3575069e+09 | J16: 30943821500 | K16: =avg!I98/avg!H98 -> 4.8672887 | L16: =avg!U98/avg!N98 -> 3.8964595 | M16: =avg!V98/avg!Q98 -> 6.9835099 | N16: =avg!W98/avg!R98 -> 0.43629823 | O16: =avg!T98/avg!K98 -> 8.9389831 | P16: =avg!X16/avg!S16 -> 2.1384795 | Q16: =avg!K98/avg!H98 -> 0.004542399 | R16: =1-Q16-T16-U16 -> 0.85564371 | S16: =avg!N98/avg!H98 -> 0.73370212 | T16: =avg!Q98/avg!H98 -> 0.1391551 | U16: =avg!R98/avg!H98 -> 0.00065879074 | V16: =avg!T98/avg!I98 -> 0.0083423094 | W16: =1-V16-Y16-Z16 -> 0.79194107 | X16: =avg!U98/avg!I98 -> 0.58735793 | Y16: =avg!V98/avg!I98 -> 0.19965757 | Z16: =avg!W98/avg!I98 -> 5.9053253e-05 | AA16: =W16-X16 -> 0.20458314 | AB16: =Y16/W16 -> 0.25211164
A17: 262144 | B17: 4 | C17: 125 | D17: 0.8 | E17: 12 | F17: 8191 | G17: 32648 | H17: =A17/F17 -> 32.003907 | I17: 2659528400 | J17: 9.5858614e+09 | K17: =avg!I67/avg!H67 -> 3.6043463 | L17: =avg!U67/avg!N67 -> 2.6809579 | M17: =avg!V67/avg!Q67 -> 6.7141291 | N17: =avg!W67/avg!R67 -> 0.3955184 | O17: =avg!T67/avg!K67 -> 15.064173 | P17: =avg!X17/avg!S17 -> 2.4883281 | Q17: =avg!K67/avg!H67 -> 0.00227692 | R17: =1-Q17-T17-U17 -> 0.8874226 | S17: =avg!N67/avg!H67 -> 0.58609628 | T17: =avg!Q67/avg!H67 -> 0.1094805 | U17: =avg!R67/avg!H67 -> 0.00081998247 | V17: =avg!T67/avg!I67 -> 0.0095162653 | W17: =1-V17-Y17-Z17 -> 0.78645491 | X17: =avg!U67/avg!I67 -> 0.43594575 | Y17: =avg!V67/avg!I67 -> 0.20393884 | Z17: =avg!W67/avg!I67 -> 8.9979742e-05 | AA17: =W17-X17 -> 0.35050916 | AB17: =Y17/W17 -> 0.25931409
A18: 262144 | B18: 5 | C18: 216 | D18: 0.95 | E18: 11 | F18: 4095 | G18: 8192 | H18: =A18/F18 -> 64.015629 | I18: 3.2021934e+09 | J18: 8.7284289e+09 | K18: =avg!I65/avg!H65 -> 2.7257657 | L18: =avg!U65/avg!N65 -> 1.0626007 | M18: =avg!V65/avg!Q65 -> 7.1375485 | N18: =avg!W65/avg!R65 -> 0.39744518 | O18: =avg!T65/avg!K65 -> 61.32066 | P18: =avg!X18/avg!S18 -> 3.0932442 | Q18: =avg!K65/avg!H65 -> 0.00043068396 | R18: =1-Q18-T18-U18 -> 0.91047714 | S18: =avg!N65/avg!H65 -> 0.63357599 | T18: =avg!Q65/avg!H65 -> 0.088416626 | U18: =avg!R65/avg!H65 -> 0.00067554738 | V18: =avg!T65/avg!I65 -> 0.0096889563 | W18: =1-V18-Y18-Z18 -> 0.75868936 | X18: =avg!U65/avg!I65 -> 0.24699052 | Y18: =avg!V65/avg!I65 -> 0.23152318 | Z18: =avg!W65/avg!I65 -> 9.8501881e-05 | AA18: =W18-X18 -> 0.51169884 | AB18: =Y18/W18 -> 0.30516202
A19: 262144 | B19: 4 | C19: 125 | D19: 0.95 | E19: 12 | F19: 8191 | G19: 24481.333 | H19: =A19/F19 -> 32.003907 | I19: 1528670700 | J19: 6.2023871e+09 | K19: =avg!I62/avg!H62 -> 4.0573729 | L19: =avg!U62/avg!N62 -> 1.1608981 | M19: =avg!V62/avg!Q62 -> 6.804065 | N19: =avg!W62/avg!R62 -> 0.39037834 | O19: =avg!T62/avg!K62 -> 26.862075 | P19: =avg!X19/avg!S19 -> 0.78387712 | Q19: =avg!K62/avg!H62 -> 0.0021866275 | R19: =1-Q19-T19-U19 -> 0.85510381 | S19: =avg!N62/avg!H62 -> 0.70824091 | T19: =avg!Q62/avg!H62 -> 0.14128543 | U19: =avg!R62/avg!H62 -> 0.0014241349 | V19: =avg!T62/avg!I62 -> 0.014476695 | W19: =1-V19-Y19-Z19 -> 0.74845582 | X19: =avg!U62/avg!I62 -> 0.20264234 | Y19: =avg!V62/avg!I62 -> 0.23693046 | Z19: =avg!W62/avg!I62 -> 0.00013702251 | AA19: =W19-X19 -> 0.54581347 | AB19: =Y19/W19 -> 0.31655905
A20: 1048576 | B20: 5 | C20: 216 | D20: 0.8 | E20: 13 | F20: 16383 | G20: 59337.333 | H20: =A20/F20 -> 64.003906 | I20: 1.5283255e+10 | J20: 60313237600 | K20: =avg!I127/avg!H127 -> 3.9463607 | L20: =avg!U127/avg!N127 -> 2.4018422 | M20: =avg!V127/avg!Q127 -> 7.2902442 | N20: =avg!W127/avg!R127 -> 0.46575943 | O20: =avg!T127/avg!K127 -> 68.570968 | P20: =avg!X20/avg!S20 -> 1.691606 | Q20: =avg!K127/avg!H127 -> 0.00080226583 | R20: =1-Q20-T20-U20 -> 0.86640022 | S20: =avg!N127/avg!H127 -> 0.75796517 | T20: =avg!Q127/avg!H127 -> 0.13226557 | U20: =avg!R127/avg!H127 -> 0.00053193729 | V20: =avg!T127/avg!I127 -> 0.013939969 | W20: =1-V20-Y20-Z20 -> 0.74165863 | X20: =avg!U127/avg!I127 -> 0.46131432 | Y20: =avg!V127/avg!I127 -> 0.24433862 | Z20: =avg!W127/avg!I127 -> 6.2780579e-05 | AA20: =W20-X20 -> 0.28034431 | AB20: =Y20/W20 -> 0.3294489
A21: 131072 | B21: 5 | C21: 216 | D21: 0.8 | E21: 10 | F21: 2047 | G21: 7340 | H21: =A21/F21 -> 64.031265 | I21: 2538790400 | J21: 7.347832e+09 | K21: =avg!I37/avg!H37 -> 2.8942255 | L21: =avg!U37/avg!N37 -> 2.1708075 | M21: =avg!V37/avg!Q37 -> 7.2037512 | N21: =avg!W37/avg!R37 -> 0.26341017 | O21: =avg!T37/avg!K37 -> 23.695867 | P21: =avg!X21/avg!S21 -> 3.6982597 | Q21: =avg!K37/avg!H37 -> 0.00064777568 | R21: =1-Q21-T21-U21 -> 0.90012666 | S21: =avg!N37/avg!H37 -> 0.62046839 | T21: =avg!Q37/avg!H37 -> 0.098694166 | U21: =avg!R37/avg!H37 -> 0.00053139479 | V21: =avg!T37/avg!I37 -> 0.0053035281 | W21: =1-V21-Y21-Z21 -> 0.74899752 | X21: =avg!U37/avg!I37 -> 0.46538095 | Y21: =avg!V37/avg!I37 -> 0.24565059 | Z21: =avg!W37/avg!I37 -> 4.8363472e-05 | AA21: =W21-X21 -> 0.28361657 | AB21: =Y21/W21 -> 0.3279725
A22: 131072 | B22: 4 | C22: 125 | D22: 0.65 | E22: 11 | F22: 4095 | G22: 30177.333 | H22: =A22/F22 -> 32.007814 | I22: 2055697300 | J22: 7.1058797e+09 | K22: =avg!I38/avg!H38 -> 3.4566761 | L22: =avg!U38/avg!N38 -> 3.2196939 | M22: =avg!V38/avg!Q38 -> 6.7908882 | N22: =avg!W38/avg!R38 -> 0.32527155 | O22: =avg!T38/avg!K38 -> 7.4241122 | P22: =avg!X22/avg!S22 -> 3.3240359 | Q22: =avg!K38/avg!H38 -> 0.0026981437 | R22: =1-Q22-T22-U22 -> 0.86767664 | S22: =avg!N38/avg!H38 -> 0.5340948 | T22: =avg!Q38/avg!H38 -> 0.12901912 | U22: =avg!R38/avg!H38 -> 0.00060608794 | V22: =avg!T38/avg!I38 -> 0.0057949663 | W22: =1-V22-Y22-Z22 -> 0.74068067 | X22: =avg!U38/avg!I38 -> 0.49747842 | Y22: =avg!V38/avg!I38 -> 0.25346733 | Z22: =avg!W38/avg!I38 -> 5.7032582e-05 | AA22: =W22-X22 -> 0.24320226 | AB22: =Y22/W22 -> 0.34220864
A23: 1048576 | B23: 4 | C23: 125 | D23: 0.65 | E23: 14 | F23: 32767 | G23: 250256 | H23: =A23/F23 -> 32.000977 | I23: 1.1804671e+10 | J23: 5.9211002e+10 | K23: =avg!I129/avg!H129 -> 5.0158958 | L23: =avg!U129/avg!N129 -> 3.7583109 | M23: =avg!V129/avg!Q129 -> 6.9412555 | N23: =avg!W129/avg!R129 -> 0.48283225 | O23: =avg!T129/avg!K129 -> 17.418376 | P23: =avg!X23/avg!S23 -> 2.4479284 | Q23: =avg!K129/avg!H129 -> 0.0041565805 | R23: =1-Q23-T23-U23 -> 0.8103951 | S23: =avg!N129/avg!H129 -> 0.69434586 | T23: =avg!Q129/avg!H129 -> 0.18477913 | U23: =avg!R129/avg!H129 -> 0.00066918424 | V23: =avg!T129/avg!I129 -> 0.014434287 | W23: =1-V23-Y23-Z23 -> 0.7297944 | X23: =avg!U129/avg!I129 -> 0.52025953 | Y23: =avg!V129/avg!I129 -> 0.2557069 | Z23: =avg!W129/avg!I129 -> 6.4415957e-05 | AA23: =W23-X23 -> 0.20953487 | AB23: =Y23/W23 -> 0.35038211
A24: 262144 | B24: 5 | C24: 216 | D24: 0.8 | E24: 11 | F24: 4095 | G24: 15148 | H24: =A24/F24 -> 64.015629 | I24: 4099699100 | J24: 14573172300 | K24: =avg!I68/avg!H68 -> 3.5546931 | L24: =avg!U68/avg!N68 -> 2.1622353 | M24: =avg!V68/avg!Q68 -> 7.2627328 | N24: =avg!W68/avg!R68 -> 0.40470549 | O24: =avg!T68/avg!K68 -> 27.564015 | P24: =avg!X24/avg!S24 -> 4.0030772 | Q24: =avg!K68/avg!H68 -> 0.0007343791 | R24: =1-Q24-T24-U24 -> 0.87321243 | S24: =avg!N68/avg!H68 -> 0.69880423 | T24: =avg!Q68/avg!H68 -> 0.12551442 | U24: =avg!R68/avg!H68 -> 0.00053876312 | V24: =avg!T68/avg!I68 -> 0.0056945666 | W24: =1-V24-Y24-Z24 -> 0.73780066 | X24: =avg!U68/avg!I68 -> 0.425066 | Y24: =avg!V68/avg!I68 -> 0.25644344 | Z24: =avg!W68/avg!I68 -> 6.1338738e-05 | AA24: =W24-X24 -> 0.31273466 | AB24: =Y24/W24 -> 0.34757821
A25: 524288 | B25: 4 | C25: 125 | D25: 0.5 | E25: 13 | F25: 16383 | G25: 301846 | H25: =A25/F25 -> 32.001953 | I25: 12646095300 | J25: 70052737700 | K25: =avg!I105/avg!H105 -> 5.5394757 | L25: =avg!U105/avg!N105 -> 4.9001938 | M25: =avg!V105/avg!Q105 -> 6.9204747 | N25: =avg!W105/avg!R105 -> 0.42684532 | O25: =avg!T105/avg!K105 -> 4.8690942 | P25: =avg!X25/avg!S25 -> 3.0862322 | Q25: =avg!K105/avg!H105 -> 0.0053220835 | R25: =1-Q25-T25-U25 -> 0.78706259 | S25: =avg!N105/avg!H105 -> 0.73092087 | T25: =avg!Q105/avg!H105 -> 0.20727599 | U25: =avg!R105/avg!H105 -> 0.00033933399 | V25: =avg!T105/avg!I105 -> 0.0046780106 | W25: =1-V25-Y25-Z25 -> 0.73634566 | X25: =avg!U105/avg!I105 -> 0.64656911 | Y25: =avg!V105/avg!I105 -> 0.25895018 | Z25: =avg!W105/avg!I105 -> 2.6147443e-05 | AA25: =W25-X25 -> 0.089776548 | AB25: =Y25/W25 -> 0.35166933
A26: 65536 | B26: 7 | C26: 512 | D26: 0.95 | E26: 7 | F26: 255 | G26: 256 | H26: =A26/F26 -> 257.00392 | I26: 1808769300 | J26: 4207049400 | K26: =avg!I9/avg!H9 -> 2.3259182 | L26: =avg!U9/avg!N9 -> 0.96833481 | M26: =avg!V9/avg!Q9 -> 7.8123543 | N26: =avg!W9/avg!R9 -> 0.26478912 | O26: =avg!T9/avg!K9 -> 113.43402 | P26: =avg!X26/avg!S26 -> 1.1048911 | Q26: =avg!K9/avg!H9 -> 5.558107e-05 | R26: =1-Q26-T26-U26 -> 0.92131351 | S26: =avg!N9/avg!H9 -> 0.8684094 | T26: =avg!Q9/avg!H9 -> 0.07823371 | U26: =avg!R9/avg!H9 -> 0.00039719456 | V26: =avg!T9/avg!I9 -> 0.0027106646 | W26: =1-V26-Y26-Z26 -> 0.7344707 | X26: =avg!U9/avg!I9 -> 0.3615394 | Y26: =avg!V9/avg!I9 -> 0.26277341 | Z26: =avg!W9/avg!I9 -> 4.5217756e-05 | AA26: =W26-X26 -> 0.37293131 | AB26: =Y26/W26 -> 0.35777249
A27: 1048576 | B27: 5 | C27: 216 | D27: 0.65 | E27: 13 | F27: 16383 | G27: 103234.67 | H27: =A27/F27 -> 64.003906 | I27: 22132629100 | J27: 9.6430737e+10 | K27: =avg!I131/avg!H131 -> 4.356949 | L27: =avg!U131/avg!N131 -> 3.1328539 | M27: =avg!V131/avg!Q131 -> 7.2976828 | N27: =avg!W131/avg!R131 -> 0.47884213 | O27: =avg!T131/avg!K131 -> 35.446426 | P27: =avg!X27/avg!S27 -> 14.402306 | Q27: =avg!K131/avg!H131 -> 0.0010684873 | R27: =1-Q27-T27-U27 -> 0.84064311 | S27: =avg!N131/avg!H131 -> 0.76581442 | T27: =avg!Q131/avg!H131 -> 0.15793107 | U27: =avg!R131/avg!H131 -> 0.00035733667 | V27: =avg!T131/avg!I131 -> 0.008692793 | W27: =1-V27-Y27-Z27 -> 0.7267409 | X27: =avg!U131/avg!I131 -> 0.55065705 | Y27: =avg!V131/avg!I131 -> 0.26452704 | Z27: =avg!W131/avg!I131 -> 3.9272402e-05 | AA27: =W27-X27 -> 0.17608385 | AB27: =Y27/W27 -> 0.36399085
A28: 524288 | B28: 7 | C28: 512 | D28: 0.95 | E28: 10 | F28: 2047 | G28: 2048 | H28: =A28/F28 -> 256.12506 | I28: 12916384800 | J28: 33596836800 | K28: =avg!I100/avg!H100 -> 2.6011022 | L28: =avg!U100/avg!N100 -> 1.1112631 | M28: =avg!V100/avg!Q100 -> 7.9507218 | N28: =avg!W100/avg!R100 -> 0.44787205 | O28: =avg!T100/avg!K100 -> 207.62006 | P28: =avg!X28/avg!S28 -> 3.3811343 | Q28: =avg!K100/avg!H100 -> 6.1172948e-05 | R28: =1-Q28-T28-U28 -> 0.91305504 | S28: =avg!N100/avg!H100 -> 0.82854786 | T28: =avg!Q100/avg!H100 -> 0.086557855 | U28: =avg!R100/avg!H100 -> 0.00032592969 | V28: =avg!T100/avg!I100 -> 0.0048828267 | W28: =1-V28-Y28-Z28 -> 0.73048189 | X28: =avg!U100/avg!I100 -> 0.35397866 | Y28: =avg!V100/avg!I100 -> 0.26457916 | Z28: =avg!W100/avg!I100 -> 5.6120363e-05 | AA28: =W28-X28 -> 0.37650323 | AB28: =Y28/W28 -> 0.36219811
A29: 131072 | B29: 5 | C29: 216 | D29: 0.65 | E29: 10 | F29: 2047 | G29: 12292 | H29: =A29/F29 -> 64.031265 | I29: 3.0712454e+09 | J29: 1.140651e+10 | K29: =avg!I40/avg!H40 -> 3.7139689 | L29: =avg!U40/avg!N40 -> 2.8141177 | M29: =avg!V40/avg!Q40 -> 7.2793222 | N29: =avg!W40/avg!R40 -> 0.29568966 | O29: =avg!T40/avg!K40 -> 14.856857 | P29: =avg!X29/avg!S29 -> 5.2072956 | Q29: =avg!K40/avg!H40 -> 0.00085071894 | R29: =1-Q29-T29-U29 -> 0.8630478 | S29: =avg!N40/avg!H40 -> 0.68582632 | T29: =avg!Q40/avg!H40 -> 0.13569861 | U29: =avg!R40/avg!H40 -> 0.00040287674 | V29: =avg!T40/avg!I40 -> 0.0034031005 | W29: =1-V29-Y29-Z29 -> 0.73059763 | X29: =avg!U40/avg!I40 -> 0.51965862 | Y29: =avg!V40/avg!I40 -> 0.2659672 | Z29: =avg!W40/avg!I40 -> 3.207525e-05 | AA29: =W29-X29 -> 0.210939 | AB29: =Y29/W29 -> 0.3640406
A30: 262144 | B30: 4 | C30: 125 | D30: 0.65 | E30: 12 | F30: 8191 | G30: 68812 | H30: =A30/F30 -> 32.003907 | I30: 3326574600 | J30: 1.4779837e+10 | K30: =avg!I70/avg!H70 -> 4.4429599 | L30: =avg!U70/avg!N70 -> 3.4865766 | M30: =avg!V70/avg!Q70 -> 6.8610167 | N30: =avg!W70/avg!R70 -> 0.40552555 | O30: =avg!T70/avg!K70 -> 6.7656357 | P30: =avg!X30/avg!S30 -> 5.6086716 | Q30: =avg!K70/avg!H70 -> 0.0038652072 | R30: =1-Q30-T30-U30 -> 0.81529355 | S30: =avg!N70/avg!H70 -> 0.62362673 | T30: =avg!Q70/avg!H70 -> 0.1802011 | U30: =avg!R70/avg!H70 -> 0.00064014798 | V30: =avg!T70/avg!I70 -> 0.0058858473 | W30: =1-V30-Y30-Z30 -> 0.71578115 | X30: =avg!U70/avg!I70 -> 0.489386 | Y30: =avg!V70/avg!I70 -> 0.27827457 | Z30: =avg!W70/avg!I70 -> 5.8428699e-05 | AA30: =W30-X30 -> 0.22639515 | AB30: =Y30/W30 -> 0.38877047
A31: 65536 | B31: 5 | C31: 216 | D31: 0.8 | E31: 9 | F31: 1023 | G31: 4174.6667 | H31: =A31/F31 -> 64.062561 | I31: 1.1147482e+09 | J31: 3.6872405e+09 | K31: =avg!I11/avg!H11 -> 3.307689 | L31: =avg!U11/avg!N11 -> 1.6590209 | M31: =avg!V11/avg!Q11 -> 7.2219571 | N31: =avg!W11/avg!R11 -> 0.20823 | O31: =avg!T11/avg!K11 -> 22.857609 | P31: =avg!X31/avg!S31 -> 9.0342659 | Q31: =avg!K11/avg!H11 -> 0.00085301772 | R31: =1-Q31-T31-U31 -> 0.87058522 | S31: =avg!N11/avg!H11 -> 0.80550897 | T31: =avg!Q11/avg!H11 -> 0.12785036 | U31: =avg!R11/avg!H11 -> 0.00071140129 | V31: =avg!T11/avg!I11 -> 0.0058947335 | W31: =1-V31-Y31-Z31 -> 0.71491397 | X31: =avg!U11/avg!I11 -> 0.40401507 | Y31: =avg!V11/avg!I11 -> 0.27914651 | Z31: =avg!W11/avg!I11 -> 4.4785073e-05 | AA31: =W31-X31 -> 0.31089891 | AB31: =Y31/W31 -> 0.39046168
A32: 65536 | B32: 4 | C32: 125 | D32: 0.5 | E32: 10 | F32: 2047 | G32: 33692 | H32: =A32/F32 -> 32.015633 | I32: 1754591125 | J32: 7107518850 | K32: =avg!I14/avg!H14 -> 4.050812 | L32: =avg!U14/avg!N14 -> 3.9511138 | M32: =avg!V14/avg!Q14 -> 6.7319451 | N32: =avg!W14/avg!R14 -> 0.2124495 | O32: =avg!T14/avg!K14 -> 3.7154314 | P32: =avg!X32/avg!S32 -> 16.468526 | Q32: =avg!K14/avg!H14 -> 0.0034661922 | R32: =1-Q32-T32-U32 -> 0.82809429 | S32: =avg!N14/avg!H14 -> 0.62754404 | T32: =avg!Q14/avg!H14 -> 0.16805153 | U32: =avg!R14/avg!H14 -> 0.00038798213 | V32: =avg!T14/avg!I14 -> 0.0031792142 | W32: =1-V32-Y32-Z32 -> 0.71751972 | X32: =avg!U14/avg!I14 -> 0.61209897 | Y32: =avg!V14/avg!I14 -> 0.27928072 | Z32: =avg!W14/avg!I14 -> 2.034817e-05 | AA32: =W32-X32 -> 0.10542075 | AB32: =Y32/W32 -> 0.38923072
A33: 524288 | B33: 4 | C33: 125 | D33: 0.35 | E33: 13 | F33: 16383 | G33: 829028 | H33: =A33/F33 -> 32.001953 | I33: 3.0287637e+10 | J33: 176399100700 | K33: =avg!I111/avg!H111 -> 5.8241288 | L33: =avg!U111/avg!N111 -> 5.4332976 | M33: =avg!V111/avg!Q111 -> 6.8970776 | N33: =avg!W111/avg!R111 -> 0.43438414 | O33: =avg!T111/avg!K111 -> 0.98115149 | P33: =avg!X33/avg!S33 -> 15.825786 | Q33: =avg!K111/avg!H111 -> 0.0071337027 | R33: =1-Q33-T33-U33 -> 0.75601471 | S33: =avg!N111/avg!H111 -> 0.73039442 | T33: =avg!Q111/avg!H111 -> 0.23671204 | U33: =avg!R111/avg!H111 -> 0.00013954098 | V33: =avg!T111/avg!I111 -> 0.0012017665 | W33: =1-V33-Y33-Z33 -> 0.71846756 | X33: =avg!U111/avg!I111 -> 0.68138092 | Y33: =avg!V111/avg!I111 -> 0.28032026 | Z33: =avg!W111/avg!I111 -> 1.040746e-05 | AA33: =W33-X33 -> 0.037086645 | AB33: =Y33/W33 -> 0.39016412
A34: 524288 | B34: 5 | C34: 216 | D34: 0.8 | E34: 12 | F34: 8191 | G34: 34145.333 | H34: =A34/F34 -> 64.007813 | I34: 7626782100 | J34: 2.9434993e+10 | K34: =avg!I101/avg!H101 -> 3.8594249 | L34: =avg!U101/avg!N101 -> 2.1946929 | M34: =avg!V101/avg!Q101 -> 7.3007352 | N34: =avg!W101/avg!R101 -> 0.41755259 | O34: =avg!T101/avg!K101 -> 30.70649 | P34: =avg!X34/avg!S34 -> 9.4034838 | Q34: =avg!K101/avg!H101 -> 0.00082136869 | R34: =1-Q34-T34-U34 -> 0.847066 | S34: =avg!N101/avg!H101 -> 0.72515107 | T34: =avg!Q101/avg!H101 -> 0.15153461 | U34: =avg!R101/avg!H101 -> 0.00057802447 | V34: =avg!T101/avg!I101 -> 0.0065350019 | W34: =1-V34-Y34-Z34 -> 0.70674989 | X34: =avg!U101/avg!I101 -> 0.41236297 | Y34: =avg!V101/avg!I101 -> 0.28665257 | Z34: =avg!W101/avg!I101 -> 6.2536679e-05 | AA34: =W34-X34 -> 0.29438692 | AB34: =Y34/W34 -> 0.40559266
A35: 1048576 | B35: 4 | C35: 125 | D35: 0.5 | E35: 14 | F35: 32767 | G35: 721759 | H35: =A35/F35 -> 32.000977 | I35: 25123108300 | J35: 140069335825 | K35: =avg!I135/avg!H135 -> 5.5753187 | L35: =avg!U135/avg!N135 -> 4.8334828 | M35: =avg!V135/avg!Q135 -> 6.9207462 | N35: =avg!W135/avg!R135 -> 0.45009779 | O35: =avg!T135/avg!K135 -> 4.1077423 | P35: =avg!X35/avg!S35 -> 14.073956 | Q35: =avg!K135/avg!H135 -> 0.0056569105 | R35: =1-Q35-T35-U35 -> 0.74514513 | S35: =avg!N135/avg!H135 -> 0.68938904 | T35: =avg!Q135/avg!H135 -> 0.24886624 | U35: =avg!R135/avg!H135 -> 0.00033171851 | V35: =avg!T135/avg!I135 -> 0.0041678569 | W35: =1-V35-Y35-Z35 -> 0.6868831 | X35: =avg!U135/avg!I135 -> 0.59766092 | Y35: =avg!V135/avg!I135 -> 0.30892226 | Z35: =avg!W135/avg!I135 -> 2.6779773e-05 | AA35: =W35-X35 -> 0.089222185 | AB35: =Y35/W35 -> 0.44974503
A36: 262144 | B36: 4 | C36: 125 | D36: 0.5 | E36: 12 | F36: 8191 | G36: 173785 | H36: =A36/F36 -> 32.003907 | I36: 6272611275 | J36: 33491168475 | K36: =avg!I74/avg!H74 -> 5.3392705 | L36: =avg!U74/avg!N74 -> 4.6826591 | M36: =avg!V74/avg!Q74 -> 6.889238 | N36: =avg!W74/avg!R74 -> 0.37223716 | O36: =avg!T74/avg!K74 -> 2.3615476 | P36: =avg!X36/avg!S36 -> 15.010541 | Q36: =avg!K74/avg!H74 -> 0.0058721876 | R36: =1-Q36-T36-U36 -> 0.75363181 | S36: =avg!N74/avg!H74 -> 0.66802196 | T36: =avg!Q74/avg!H74 -> 0.2401314 | U36: =avg!R74/avg!H74 -> 0.00036460892 | V36: =avg!T74/avg!I74 -> 0.0025972556 | W36: =1-V36-Y36-Z36 -> 0.68753681 | X36: =avg!U74/avg!I74 -> 0.58587013 | Y36: =avg!V74/avg!I74 -> 0.30984052 | Z36: =avg!W74/avg!I74 -> 2.5419388e-05 | AA36: =W36-X36 -> 0.10166668 | AB36: =Y36/W36 -> 0.45065299
A37: 524288 | B37: 4 | C37: 125 | D37: 0.2 | E37: 13 | F37: 16383 | G37: 3670533.3 | H37: =A37/F37 -> 32.001953 | I37: 1.1738473e+11 | J37: 7.0313634e+11 | K37: =avg!I117/avg!H117 -> 5.9900152 | L37: =avg!U117/avg!N117 -> 5.6802479 | M37: =avg!V117/avg!Q117 -> 6.8320806 | N37: =avg!W117/avg!R117 -> 0.28186663 | O37: =avg!T117/avg!K117 -> 0.64636034 | P37: =avg!X37/avg!S37 -> 2.9351906 | Q37: =avg!K117/avg!H117 -> 0.0067180588 | R37: =1-Q37-T37-U37 -> 0.71998905 | S37: =avg!N117/avg!H117 -> 0.71500324 | T37: =avg!Q117/avg!H117 -> 0.27323311 | U37: =avg!R117/avg!H117 -> 5.9780062e-05 | V37: =avg!T117/avg!I117 -> 0.00072492081 | W37: =1-V37-Y37-Z37 -> 0.68762854 | X37: =avg!U117/avg!I117 -> 0.6780276 | Y37: =avg!V117/avg!I117 -> 0.31164372 | Z37: =avg!W117/avg!I117 -> 2.8130154e-06 | AA37: =W37-X37 -> 0.0096009466 | AB37: =Y37/W37 -> 0.45321522
A38: 65536 | B38: 4 | C38: 125 | D38: 0.35 | E38: 10 | F38: 2047 | G38: 86525.333 | H38: =A38/F38 -> 32.015633 | I38: 3301471000 | J38: 1.6211402e+10 | K38: =avg!I20/avg!H20 -> 4.9103571 | L38: =avg!U20/avg!N20 -> 4.9721556 | M38: =avg!V20/avg!Q20 -> 6.7547007 | N38: =avg!W20/avg!R20 -> 0.21829048 | O38: =avg!T20/avg!K20 -> 1.2841495 | P38: =avg!X38/avg!S38 -> 2.5201354 | Q38: =avg!K20/avg!H20 -> 0.0049803254 | R38: =1-Q38-T38-U38 -> 0.76625377 | S38: =avg!N20/avg!H20 -> 0.62913489 | T38: =avg!Q20/avg!H20 -> 0.22855305 | U38: =avg!R20/avg!H20 -> 0.00021285461 | V38: =avg!T20/avg!I20 -> 0.0013024475 | W38: =1-V38-Y38-Z38 -> 0.68428989 | X38: =avg!U20/avg!I20 -> 0.63705277 | Y38: =avg!V20/avg!I20 -> 0.3143982 | Z38: =avg!W20/avg!I20 -> 9.4624761e-06 | AA38: =W38-X38 -> 0.047237119 | AB38: =Y38/W38 -> 0.45945178
A39: 65536 | B39: 5 | C39: 216 | D39: 0.95 | E39: 9 | F39: 1023 | G39: 3072 | H39: =A39/F39 -> 64.062561 | I39: 848923800 | J39: 2.3729893e+09 | K39: =avg!I7/avg!H7 -> 2.7952912 | L39: =avg!U7/avg!N7 -> 0.82445583 | M39: =avg!V7/avg!Q7 -> 7.0038364 | N39: =avg!W7/avg!R7 -> 0.20480226 | O39: =avg!T7/avg!K7 -> 47.980902 | P39: =avg!X39/avg!S39 -> 10.897619 | Q39: =avg!K7/avg!H7 -> 0.00056334071 | R39: =1-Q39-T39-U39 -> 0.8729365 | S39: =avg!N7/avg!H7 -> 0.78652383 | T39: =avg!Q7/avg!H7 -> 0.12566617 | U39: =avg!R7/avg!H7 -> 0.00083399711 | V39: =avg!T7/avg!I7 -> 0.0096696884 | W39: =1-V39-Y39-Z39 -> 0.6754021 | X39: =avg!U7/avg!I7 -> 0.23198089 | Y39: =avg!V7/avg!I7 -> 0.31486711 | Z39: =avg!W7/avg!I7 -> 6.1104364e-05 | AA39: =W39-X39 -> 0.44342121 | AB39: =Y39/W39 -> 0.46619208
A40: 131072 | B40: 4 | C40: 125 | D40: 0.5 | E40: 11 | F40: 4095 | G40: 81979 | H40: =A40/F40 -> 32.007814 | I40: 3138537375 | J40: 15131765075 | K40: =avg!I45/avg!H45 -> 4.8212792 | L40: =avg!U45/avg!N45 -> 4.2841898 | M40: =avg!V45/avg!Q45 -> 6.7953277 | N40: =avg!W45/avg!R45 -> 0.27770133 | O40: =avg!T45/avg!K45 -> 2.3446933 | P40: =avg!X40/avg!S40 -> 4.4205756 | Q40: =avg!K45/avg!H45 -> 0.005660256 | R40: =1-Q40-T40-U40 -> 0.76560836 | S40: =avg!N45/avg!H45 -> 0.63477761 | T40: =avg!Q45/avg!H45 -> 0.22832041 | U40: =avg!R45/avg!H45 -> 0.00041097965 | V40: =avg!T45/avg!I45 -> 0.002752706 | W40: =1-V40-Y40-Z40 -> 0.67541858 | X40: =avg!U45/avg!I45 -> 0.56406352 | Y40: =avg!V45/avg!I45 -> 0.32180504 | Z40: =avg!W45/avg!I45 -> 2.3672057e-05 | AA40: =W40-X40 -> 0.11135506 | AB40: =Y40/W40 -> 0.47645276
A41: 524288 | B41: 5 | C41: 216 | D41: 0.95 | E41: 12 | F41: 8191 | G41: 24568 | H41: =A41/F41 -> 64.007813 | I41: 5.5485014e+09 | J41: 1.85581e+10 | K41: =avg!I96/avg!H96 -> 3.3447049 | L41: =avg!U96/avg!N96 -> 0.96442368 | M41: =avg!V96/avg!Q96 -> 7.2322782 | N41: =avg!W96/avg!R96 -> 0.45665028 | O41: =avg!T96/avg!K96 -> 58.895513 | P41: =avg!X41/avg!S41 -> 3.759231 | Q41: =avg!K96/avg!H96 -> 0.00056864003 | R41: =1-Q41-T41-U41 -> 0.84795696 | S41: =avg!N96/avg!H96 -> 0.6814086 | T41: =avg!Q96/avg!H96 -> 0.15073879 | U41: =avg!R96/avg!H96 -> 0.00073561003 | V41: =avg!T96/avg!I96 -> 0.010012945 | W41: =1-V41-Y41-Z41 -> 0.66394312 | X41: =avg!U96/avg!I96 -> 0.19647969 | Y41: =avg!V96/avg!I96 -> 0.3259435 | Z41: =avg!W96/avg!I96 -> 0.00010043234 | AA41: =W41-X41 -> 0.46746343 | AB41: =Y41/W41 -> 0.49092082
A42: 1048576 | B42: 3 | C42: 64 | D42: 0.95 | E42: 14 | F42: 32767 | G42: 65536 | H42: =A42/F42 -> 32.000977 | I42: 2949633000 | J42: 12294701600 | K42: =avg!I123/avg!H123 -> 4.168214 | L42: =avg!U123/avg!N123 -> 1.1602183 | M42: =avg!V123/avg!Q123 -> 6.9292707 | N42: =avg!W123/avg!R123 -> 0.48145777 | O42: =avg!T123/avg!K123 -> 74.838505 | P42: =avg!X42/avg!S42 -> 5.2226047 | Q42: =avg!K123/avg!H123 -> 0.0035236587 | R42: =1-Q42-T42-U42 -> 0.79682741 | S42: =avg!N123/avg!H123 -> 0.46541297 | T42: =avg!Q123/avg!H123 -> 0.19689475 | U42: =avg!R123/avg!H123 -> 0.0027541731 | V42: =avg!T123/avg!I123 -> 0.063265789 | W42: =1-V42-Y42-Z42 -> 0.60909675 | X42: =avg!U123/avg!I123 -> 0.12954725 | Y42: =avg!V123/avg!I123 -> 0.32731934 | Z42: =avg!W123/avg!I123 -> 0.0003181262 | AA42: =W42-X42 -> 0.4795495 | AB42: =Y42/W42 -> 0.53738481
A43: 1048576 | B43: 4 | C43: 125 | D43: 0.35 | E43: 14 | F43: 32767 | G43: 1928665.3 | H43: =A43/F43 -> 32.000977 | I43: 59459055100 | J43: 350954259200 | K43: =avg!I140/avg!H140 -> 5.9024527 | L43: =avg!U140/avg!N140 -> 5.407599 | M43: =avg!V140/avg!Q140 -> 6.9175408 | N43: =avg!W140/avg!R140 -> 0.47067949 | O43: =avg!T140/avg!K140 -> 2.3072254 | P43: =avg!X43/avg!S43 -> 4.6019633 | Q43: =avg!K140/avg!H140 -> 0.0064604592 | R43: =1-Q43-T43-U43 -> 0.71267383 | S43: =avg!N140/avg!H140 -> 0.69009398 | T43: =avg!Q140/avg!H140 -> 0.28073055 | U43: =avg!R140/avg!H140 -> 0.00013515968 | V43: =avg!T140/avg!I140 -> 0.0025253461 | W43: =1-V43-Y43-Z43 -> 0.66845404 | X43: =avg!U140/avg!I140 -> 0.63223744 | Y43: =avg!V140/avg!I140 -> 0.32900984 | Z43: =avg!W140/avg!I140 -> 1.0778043e-05 | AA43: =W43-X43 -> 0.0362166 | AB43: =Y43/W43 -> 0.49219516
A44: 262144 | B44: 5 | C44: 216 | D44: 0.65 | E44: 11 | F44: 4095 | G44: 30738.667 | H44: =A44/F44 -> 64.015629 | I44: 5.4674177e+09 | J44: 22518939500 | K44: =avg!I72/avg!H72 -> 4.1187523 | L44: =avg!U72/avg!N72 -> 2.776026 | M44: =avg!V72/avg!Q72 -> 7.3642523 | N44: =avg!W72/avg!R72 -> 0.39600766 | O44: =avg!T72/avg!K72 -> 13.82939 | P44: =avg!X44/avg!S44 -> 2.9053505 | Q44: =avg!K72/avg!H72 -> 0.0011156089 | R44: =1-Q44-T44-U44 -> 0.8094294 | S44: =avg!N72/avg!H72 -> 0.67839935 | T44: =avg!Q72/avg!H72 -> 0.18905062 | U44: =avg!R72/avg!H72 -> 0.00040437737 | V44: =avg!T72/avg!I72 -> 0.003745841 | W44: =1-V44-Y44-Z44 -> 0.6581963 | X44: =avg!U72/avg!I72 -> 0.45723901 | Y44: =avg!V72/avg!I72 -> 0.33801898 | Z44: =avg!W72/avg!I72 -> 3.8879865e-05 | AA44: =W44-X44 -> 0.20095729 | AB44: =Y44/W44 -> 0.51355344
A45: 1048576 | B45: 5 | C45: 216 | D45: 0.5 | E45: 13 | F45: 16383 | G45: 310499 | H45: =A45/F45 -> 64.003906 | I45: 45603542750 | J45: 225831018650 | K45: =avg!I138/avg!H138 -> 4.9520499 | L45: =avg!U138/avg!N138 -> 3.9310719 | M45: =avg!V138/avg!Q138 -> 7.3390022 | N45: =avg!W138/avg!R138 -> 0.46895627 | O45: =avg!T138/avg!K138 -> 12.849659 | P45: =avg!X45/avg!S45 -> 4.1035752 | Q45: =avg!K138/avg!H138 -> 0.0014376959 | R45: =1-Q45-T45-U45 -> 0.76942259 | S45: =avg!N138/avg!H138 -> 0.73336737 | T45: =avg!Q138/avg!H138 -> 0.22896065 | U45: =avg!R138/avg!H138 -> 0.00017906284 | V45: =avg!T138/avg!I138 -> 0.0037305564 | W45: =1-V45-Y45-Z45 -> 0.65692982 | X45: =avg!U138/avg!I138 -> 0.58216697 | Y45: =avg!V138/avg!I138 -> 0.33932266 | Z45: =avg!W138/avg!I138 -> 1.6957148e-05 | AA45: =W45-X45 -> 0.074762853 | AB45: =Y45/W45 -> 0.51652802
A46: 524288 | B46: 6 | C46: 343 | D46: 0.95 | E46: 11 | F46: 4095 | G46: 8192 | H46: =A46/F46 -> 128.03126 | I46: 1.0408881e+10 | J46: 2.4886387e+10 | K46: =avg!I99/avg!H99 -> 2.3908802 | L46: =avg!U99/avg!N99 -> 0.6543831 | M46: =avg!V99/avg!Q99 -> 7.6007946 | N46: =avg!W99/avg!R99 -> 0.43283992 | O46: =avg!T99/avg!K99 -> 127.35158 | P46: =avg!X46/avg!S46 -> 5.0906989 | Q46: =avg!K99/avg!H99 -> 0.00013544524 | R46: =1-Q46-T46-U46 -> 0.89241336 | S46: =avg!N99/avg!H99 -> 0.78720964 | T46: =avg!Q99/avg!H99 -> 0.10703106 | U46: =avg!R99/avg!H99 -> 0.00042013483 | V46: =avg!T99/avg!I99 -> 0.0072145667 | W46: =1-V46-Y46-Z46 -> 0.65244929 | X46: =avg!U99/avg!I99 -> 0.21545901 | Y46: =avg!V99/avg!I99 -> 0.34026008 | Z46: =avg!W99/avg!I99 -> 7.6060324e-05 | AA46: =W46-X46 -> 0.43699029 | AB46: =Y46/W46 -> 0.52151191
A47: 65536 | B47: 6 | C47: 343 | D47: 0.95 | E47: 8 | F47: 511 | G47: 1024 | H47: =A47/F47 -> 128.25049 | I47: 1.4626073e+09 | J47: 3.0635774e+09 | K47: =avg!I10/avg!H10 -> 2.0946 | L47: =avg!U10/avg!N10 -> 0.54601065 | M47: =avg!V10/avg!Q10 -> 7.4453125 | N47: =avg!W10/avg!R10 -> 0.27816987 | O47: =avg!T10/avg!K10 -> 98.618221 | P47: =avg!X47/avg!S47 -> 4.7869063 | Q47: =avg!K10/avg!H10 -> 0.00013908951 | R47: =1-Q47-T47-U47 -> 0.90253723 | S47: =avg!N10/avg!H10 -> 0.83772701 | T47: =avg!Q10/avg!H10 -> 0.096855456 | U47: =avg!R10/avg!H10 -> 0.00046822774 | V47: =avg!T10/avg!I10 -> 0.0065486296 | W47: =1-V47-Y47-Z47 -> 0.64911385 | X47: =avg!U10/avg!I10 -> 0.2183748 | Y47: =avg!V10/avg!I10 -> 0.34427534 | Z47: =avg!W10/avg!I10 -> 6.2182206e-05 | AA47: =W47-X47 -> 0.43073905 | AB47: =Y47/W47 -> 0.53037743
A48: 131072 | B48: 3 | C48: 64 | D48: 0.95 | E48: 11 | F48: 4095 | G48: 8192 | H48: =A48/F48 -> 32.007814 | I48: 4.5131483e+08 | J48: 1.3955346e+09 | K48: =avg!I34/avg!H34 -> 3.0921533 | L48: =avg!U34/avg!N34 -> 0.68300331 | M48: =avg!V34/avg!Q34 -> 5.6221501 | N48: =avg!W34/avg!R34 -> 0.30569555 | O48: =avg!T34/avg!K34 -> 29.340235 | P48: =avg!X48/avg!S48 -> 4.8022899 | Q48: =avg!K34/avg!H34 -> 0.0029891919 | R48: =1-Q48-T48-U48 -> 0.79845548 | S48: =avg!N34/avg!H34 -> 0.64281202 | T48: =avg!Q34/avg!H34 -> 0.19582952 | U48: =avg!R34/avg!H34 -> 0.0027258134 | V48: =avg!T34/avg!I34 -> 0.028363276 | W48: =1-V48-Y48-Z48 -> 0.6153102 | X48: =avg!U34/avg!I34 -> 0.14198609 | Y48: =avg!V34/avg!I34 -> 0.35605704 | Z48: =avg!W34/avg!I34 -> 0.00026947856 | AA48: =W48-X48 -> 0.47332412 | AB48: =Y48/W48 -> 0.57866266
A49: 131072 | B49: 3 | C49: 64 | D49: 0.8 | E49: 11 | F49: 4095 | G49: 14613.333 | H49: =A49/F49 -> 32.007814 | I49: 5.8208207e+08 | J49: 2.4814754e+09 | K49: =avg!I36/avg!H36 -> 4.2631024 | L49: =avg!U36/avg!N36 -> 1.5696566 | M49: =avg!V36/avg!Q36 -> 6.1671504 | N49: =avg!W36/avg!R36 -> 0.3030647 | O49: =avg!T36/avg!K36 -> 4.6172711 | P49: =avg!X49/avg!S49 -> 1.5163405 | Q49: =avg!K36/avg!H36 -> 0.013573802 | R49: =1-Q49-T49-U49 -> 0.73780066 | S49: =avg!N36/avg!H36 -> 0.62462704 | T49: =avg!Q36/avg!H36 -> 0.24655704 | U49: =avg!R36/avg!H36 -> 0.0020684941 | V49: =avg!T36/avg!I36 -> 0.014701482 | W49: =1-V49-Y49-Z49 -> 0.62847357 | X49: =avg!U36/avg!I36 -> 0.22998508 | Y49: =avg!V36/avg!I36 -> 0.35667789 | Z49: =avg!W36/avg!I36 -> 0.00014704961 | AA49: =W49-X49 -> 0.39848849 | AB49: =Y49/W49 -> 0.56753046
A50: 262144 | B50: 6 | C50: 343 | D50: 0.8 | E50: 10 | F50: 2047 | G50: 7661.3333 | H50: =A50/F50 -> 128.06253 | I50: 7.2540451e+09 | J50: 2.2012803e+10 | K50: =avg!I71/avg!H71 -> 3.0345556 | L50: =avg!U71/avg!N71 -> 1.5721977 | M50: =avg!V71/avg!Q71 -> 7.6578655 | N50: =avg!W71/avg!R71 -> 0.40549441 | O50: =avg!T71/avg!K71 -> 45.637696 | P50: =avg!X50/avg!S50 -> 3.5011602 | Q50: =avg!K71/avg!H71 -> 0.00024146068 | R50: =1-Q50-T50-U50 -> 0.85719926 | S50: =avg!N71/avg!H71 -> 0.74686769 | T50: =avg!Q71/avg!H71 -> 0.14225368 | U50: =avg!R71/avg!H71 -> 0.00030559501 | V50: =avg!T71/avg!I71 -> 0.0036314078 | W50: =1-V50-Y50-Z50 -> 0.63734288 | X50: =avg!U71/avg!I71 -> 0.38695078 | Y50: =avg!V71/avg!I71 -> 0.35898488 | Z50: =avg!W71/avg!I71 -> 4.0835326e-05 | AA50: =W50-X50 -> 0.2503921 | AB50: =Y50/W50 -> 0.56325235
A51: 131072 | B51: 4 | C51: 125 | D51: 0.35 | E51: 11 | F51: 4095 | G51: 208597.33 | H51: =A51/F51 -> 32.007814 | I51: 6.3864549e+09 | J51: 3.44506e+10 | K51: =avg!I50/avg!H50 -> 5.394323 | L51: =avg!U50/avg!N50 -> 5.0388452 | M51: =avg!V50/avg!Q50 -> 6.8120738 | N51: =avg!W50/avg!R50 -> 0.28211989 | O51: =avg!T50/avg!K50 -> 0.94770204 | P51: =avg!X51/avg!S51 -> 5.7024556 | Q51: =avg!K50/avg!H50 -> 0.0066276728 | R51: =1-Q51-T51-U51 -> 0.70763751 | S51: =avg!N50/avg!H50 -> 0.62780589 | T51: =avg!Q50/avg!H50 -> 0.28553194 | U51: =avg!R50/avg!H50 -> 0.00020287729 | V51: =avg!T50/avg!I50 -> 0.0011643832 | W51: =1-V51-Y51-Z51 -> 0.63824877 | X51: =avg!U50/avg!I50 -> 0.58643443 | Y51: =avg!V50/avg!I50 -> 0.36057623 | Z51: =avg!W50/avg!I50 -> 1.0610362e-05 | AA51: =W51-X51 -> 0.051814344 | AB51: =Y51/W51 -> 0.56494622
A52: 131072 | B52: 5 | C52: 216 | D52: 0.5 | E52: 10 | F52: 2047 | G52: 34586 | H52: =A52/F52 -> 64.031265 | I52: 5130455750 | J52: 23321258050 | K52: =avg!I48/avg!H48 -> 4.5456504 | L52: =avg!U48/avg!N48 -> 3.6110177 | M52: =avg!V48/avg!Q48 -> 7.2760335 | N52: =avg!W48/avg!R48 -> 0.29475665 | O52: =avg!T48/avg!K48 -> 6.3088915 | P52: =avg!X52/avg!S52 -> 5.4847112 | Q52: =avg!K48/avg!H48 -> 0.0012143366 | R52: =1-Q52-T52-U52 -> 0.77266729 | S52: =avg!N48/avg!H48 -> 0.68498386 | T52: =avg!Q48/avg!H48 -> 0.22585685 | U52: =avg!R48/avg!H48 -> 0.00026151673 | V52: =avg!T48/avg!I48 -> 0.0016853733 | W52: =1-V52-Y52-Z52 -> 0.63677799 | X52: =avg!U48/avg!I48 -> 0.54414411 | Y52: =avg!V48/avg!I48 -> 0.36151968 | Z52: =avg!W48/avg!I48 -> 1.6957704e-05 | AA52: =W52-X52 -> 0.092633883 | AB52: =Y52/W52 -> 0.56773268
A53: 524288 | B53: 3 | C53: 64 | D53: 0.8 | E53: 13 | F53: 16383 | G53: 54798.667 | H53: =A53/F53 -> 32.001953 | I53: 2.516767e+09 | J53: 9.0915295e+09 | K53: =avg!I94/avg!H94 -> 3.6123843 | L53: =avg!U94/avg!N94 -> 2.3736771 | M53: =avg!V94/avg!Q94 -> 6.9643571 | N53: =avg!W94/avg!R94 -> 0.41898725 | O53: =avg!T94/avg!K94 -> 13.296768 | P53: =avg!X53/avg!S53 -> 4.4648953 | Q53: =avg!K94/avg!H94 -> 0.0059203601 | R53: =1-Q53-T53-U53 -> 0.80338455 | S53: =avg!N94/avg!H94 -> 0.4437398 | T53: =avg!Q94/avg!H94 -> 0.18894006 | U53: =avg!R94/avg!H94 -> 0.0017550294 | V53: =avg!T94/avg!I94 -> 0.02179216 | W53: =1-V53-Y53-Z53 -> 0.61374457 | X53: =avg!U94/avg!I94 -> 0.29157889 | Y53: =avg!V94/avg!I94 -> 0.36425971 | Z53: =avg!W94/avg!I94 -> 0.00020355944 | AA53: =W53-X53 -> 0.32216568 | AB53: =Y53/W53 -> 0.59350375
A54: 65536 | B54: 6 | C54: 343 | D54: 0.8 | E54: 8 | F54: 511 | G54: 1869.3333 | H54: =A54/F54 -> 128.25049 | I54: 1.8123098e+09 | J54: 5.2018297e+09 | K54: =avg!I12/avg!H12 -> 2.8702763 | L54: =avg!U12/avg!N12 -> 1.2116753 | M54: =avg!V12/avg!Q12 -> 7.4908816 | N54: =avg!W12/avg!R12 -> 0.21065779 | O54: =avg!T12/avg!K12 -> 45.648432 | P54: =avg!X54/avg!S54 -> 6.3757526 | Q54: =avg!K12/avg!H12 -> 0.00021821141 | R54: =1-Q54-T54-U54 -> 0.85875248 | S54: =avg!N12/avg!H12 -> 0.80677648 | T54: =avg!Q12/avg!H12 -> 0.1406317 | U54: =avg!R12/avg!H12 -> 0.00039761415 | V54: =avg!T12/avg!I12 -> 0.0034704007 | W54: =1-V54-Y54-Z54 -> 0.62947812 | X54: =avg!U12/avg!I12 -> 0.34057737 | Y54: =avg!V12/avg!I12 -> 0.3670223 | Z54: =avg!W12/avg!I12 -> 2.9182039e-05 | AA54: =W54-X54 -> 0.28890075 | AB54: =Y54/W54 -> 0.58305807
A55: 1048576 | B55: 5 | C55: 216 | D55: 0.35 | E55: 13 | F55: 16383 | G55: 864037.33 | H55: =A55/F55 -> 64.003906 | I55: 1.1017257e+11 | J55: 580662635700 | K55: =avg!I143/avg!H143 -> 5.2704826 | L55: =avg!U143/avg!N143 -> 4.406087 | M55: =avg!V143/avg!Q143 -> 7.3614084 | N55: =avg!W143/avg!R143 -> 0.22401458 | O55: =avg!T143/avg!K143 -> 4.6290804 | P55: =avg!X55/avg!S55 -> 4.7683468 | Q55: =avg!K143/avg!H143 -> 0.0016283369 | R55: =1-Q55-T55-U55 -> 0.73521256 | S55: =avg!N143/avg!H143 -> 0.72033749 | T55: =avg!Q143/avg!H143 -> 0.26299827 | U55: =avg!R143/avg!H143 -> 0.00016083162 | V55: =avg!T143/avg!I143 -> 0.0014301731 | W55: =1-V55-Y55-Z55 -> 0.63122706 | X55: =avg!U143/avg!I143 -> 0.60219715 | Y55: =avg!V143/avg!I143 -> 0.36733593 | Z55: =avg!W143/avg!I143 -> 6.8359258e-06 | AA55: =W55-X55 -> 0.029029908 | AB55: =Y55/W55 -> 0.58193945
A56: 524288 | B56: 5 | C56: 216 | D56: 0.65 | E56: 12 | F56: 8191 | G56: 71026.667 | H56: =A56/F56 -> 64.007813 | I56: 1.0617945e+10 | J56: 4.7444443e+10 | K56: =avg!I103/avg!H103 -> 4.4683263 | L56: =avg!U103/avg!N103 -> 2.8525101 | M56: =avg!V103/avg!Q103 -> 7.3265989 | N56: =avg!W103/avg!R103 -> 0.45850406 | O56: =avg!T103/avg!K103 -> 28.033935 | P56: =avg!X56/avg!S56 -> 15.319349 | Q56: =avg!K103/avg!H103 -> 0.0017888804 | R56: =1-Q56-T56-U56 -> 0.77297182 | S56: =avg!N103/avg!H103 -> 0.68523541 | T56: =avg!Q103/avg!H103 -> 0.22485468 | U56: =avg!R103/avg!H103 -> 0.00038462559 | V56: =avg!T103/avg!I103 -> 0.011223298 | W56: =1-V56-Y56-Z56 -> 0.62004885 | X56: =avg!U103/avg!I103 -> 0.43744365 | Y56: =avg!V103/avg!I103 -> 0.36868839 | Z56: =avg!W103/avg!I103 -> 3.9467214e-05 | AA56: =W56-X56 -> 0.1826052 | AB56: =Y56/W56 -> 0.59461184
A57: 65536 | B57: 5 | C57: 216 | D57: 0.65 | E57: 9 | F57: 1023 | G57: 8340 | H57: =A57/F57 -> 64.062561 | I57: 1.9037465e+09 | J57: 5.4704292e+09 | K57: =avg!I13/avg!H13 -> 2.8735072 | L57: =avg!U13/avg!N13 -> 2.2789366 | M57: =avg!V13/avg!Q13 -> 7.3546521 | N57: =avg!W13/avg!R13 -> 0.23458581 | O57: =avg!T13/avg!K13 -> 12.961401 | P57: =avg!X57/avg!S57 -> 7.0676789 | Q57: =avg!K13/avg!H13 -> 0.00074710579 | R57: =1-Q57-T57-U57 -> 0.85134248 | S57: =avg!N13/avg!H13 -> 0.51454751 | T57: =avg!Q13/avg!H13 -> 0.14754834 | U57: =avg!R13/avg!H13 -> 0.00036207552 | V57: =avg!T13/avg!I13 -> 0.0033699367 | W57: =1-V57-Y57-Z57 -> 0.61895513 | X57: =avg!U13/avg!I13 -> 0.40808012 | Y57: =avg!V13/avg!I13 -> 0.37764538 | Z57: =avg!W13/avg!I13 -> 2.9558924e-05 | AA57: =W57-X57 -> 0.21087501 | AB57: =Y57/W57 -> 0.61013369
A58: 65536 | B58: 3 | C58: 64 | D58: 0.8 | E58: 10 | F58: 2047 | G58: 6825.3333 | H58: =A58/F58 -> 32.015633 | I58: 345786300 | J58: 1.0853174e+09 | K58: =avg!I5/avg!H5 -> 3.1386939 | L58: =avg!U5/avg!N5 -> 1.40806 | M58: =avg!V5/avg!Q5 -> 5.4992622 | N58: =avg!W5/avg!R5 -> 0.21324693 | O58: =avg!T5/avg!K5 -> 10.305993 | P58: =avg!X58/avg!S58 -> 5.6997794 | Q58: =avg!K5/avg!H5 -> 0.0048080756 | R58: =1-Q58-T58-U58 -> 0.77721269 | S58: =avg!N5/avg!H5 -> 0.68251499 | T58: =avg!Q5/avg!H5 -> 0.21603044 | U58: =avg!R5/avg!H5 -> 0.0019487952 | V58: =avg!T5/avg!I5 -> 0.015787456 | W58: =1-V58-Y58-Z58 -> 0.6055762 | X58: =avg!U5/avg!I5 -> 0.30618534 | Y58: =avg!V5/avg!I5 -> 0.37850394 | Z58: =avg!W5/avg!I5 -> 0.00013240367 | AA58: =W58-X58 -> 0.29939086 | AB58: =Y58/W58 -> 0.62503107
A59: 524288 | B59: 6 | C59: 343 | D59: 0.8 | E59: 11 | F59: 4095 | G59: 15528 | H59: =A59/F59 -> 128.03126 | I59: 1.3504904e+10 | J59: 4.2546244e+10 | K59: =avg!I102/avg!H102 -> 3.1504291 | L59: =avg!U102/avg!N102 -> 1.5001187 | M59: =avg!V102/avg!Q102 -> 7.6892224 | N59: =avg!W102/avg!R102 -> 0.45258301 | O59: =avg!T102/avg!K102 -> 58.845159 | P59: =avg!X59/avg!S59 -> 8.5526896 | Q59: =avg!K102/avg!H102 -> 0.00023112098 | R59: =1-Q59-T59-U59 -> 0.84413215 | S59: =avg!N102/avg!H102 -> 0.76323282 | T59: =avg!Q102/avg!H102 -> 0.15532699 | U59: =avg!R102/avg!H102 -> 0.00030974673 | V59: =avg!T102/avg!I102 -> 0.0043169835 | W59: =1-V59-Y59-Z59 -> 0.61653342 | X59: =avg!U102/avg!I102 -> 0.36342345 | Y59: =avg!V102/avg!I102 -> 0.3791051 | Z59: =avg!W102/avg!I102 -> 4.4497465e-05 | AA59: =W59-X59 -> 0.25310997 | AB59: =Y59/W59 -> 0.61489789
A60: 262144 | B60: 4 | C60: 125 | D60: 0.35 | E60: 12 | F60: 8191 | G60: 489020 | H60: =A60/F60 -> 32.003907 | I60: 1.3344894e+10 | J60: 7.6659004e+10 | K60: =avg!I80/avg!H80 -> 5.7444447 | L60: =avg!U80/avg!N80 -> 5.2768619 | M60: =avg!V80/avg!Q80 -> 6.8329783 | N60: =avg!W80/avg!R80 -> 0.404972 | O60: =avg!T80/avg!K80 -> 0.97630414 | P60: =avg!X60/avg!S60 -> 9.5198487 | Q60: =avg!K80/avg!H80 -> 0.0068027818 | R60: =1-Q60-T60-U60 -> 0.67382415 | S60: =avg!N80/avg!H80 -> 0.62559584 | T60: =avg!Q80/avg!H80 -> 0.31921341 | U60: =avg!R80/avg!H80 -> 0.00015965657 | V60: =avg!T80/avg!I80 -> 0.0011561751 | W60: =1-V60-Y60-Z60 -> 0.61913037 | X60: =avg!U80/avg!I80 -> 0.57467397 | Y60: =avg!V80/avg!I80 -> 0.3797022 | Z60: =avg!W80/avg!I80 -> 1.1255473e-05 | AA60: =W60-X60 -> 0.044456398 | AB60: =Y60/W60 -> 0.61328312
A61: 262144 | B61: 6 | C61: 343 | D61: 0.65 | E61: 10 | F61: 2047 | G61: 12394.667 | H61: =A61/F61 -> 128.06253 | I61: 9.2240163e+09 | J61: 3.3344479e+10 | K61: =avg!I76/avg!H76 -> 3.6149631 | L61: =avg!U76/avg!N76 -> 2.1940728 | M61: =avg!V76/avg!Q76 -> 7.7201998 | N61: =avg!W76/avg!R76 -> 0.42143281 | O61: =avg!T76/avg!K76 -> 27.778803 | P61: =avg!X61/avg!S61 -> 10.510602 | Q61: =avg!K76/avg!H76 -> 0.00028719232 | R61: =1-Q61-T61-U61 -> 0.81889834 | S61: =avg!N76/avg!H76 -> 0.73235932 | T61: =avg!Q76/avg!H76 -> 0.18058284 | U61: =avg!R76/avg!H76 -> 0.00023163446 | V61: =avg!T76/avg!I76 -> 0.0022068991 | W61: =1-V61-Y61-Z61 -> 0.61210916 | X61: =avg!U76/avg!I76 -> 0.4444996 | Y61: =avg!V76/avg!I76 -> 0.38565693 | Z61: =avg!W76/avg!I76 -> 2.7003971e-05 | AA61: =W61-X61 -> 0.16760956 | AB61: =Y61/W61 -> 0.630046
A62: 1048576 | B62: 3 | C62: 64 | D62: 0.8 | E62: 14 | F62: 32767 | G62: 115966.67 | H62: =A62/F62 -> 32.000977 | I62: 3.9600849e+09 | J62: 1.796968e+10 | K62: =avg!I125/avg!H125 -> 4.5377005 | L62: =avg!U125/avg!N125 -> 2.3860174 | M62: =avg!V125/avg!Q125 -> 6.9954566 | N62: =avg!W125/avg!R125 -> 0.4721534 | O62: =avg!T125/avg!K125 -> 14.707145 | P62: =avg!X62/avg!S62 -> 15.079158 | Q62: =avg!K125/avg!H125 -> 0.009933659 | R62: =1-Q62-T62-U62 -> 0.73492605 | S62: =avg!N125/avg!H125 -> 0.48907032 | T62: =avg!Q125/avg!H125 -> 0.25308815 | U62: =avg!R125/avg!H125 -> 0.0020521445 | V62: =avg!T125/avg!I125 -> 0.032195991 | W62: =1-V62-Y62-Z62 -> 0.57742212 | X62: =avg!U125/avg!I125 -> 0.25716335 | Y62: =avg!V125/avg!I125 -> 0.39016836 | Z62: =avg!W125/avg!I125 -> 0.0002135282 | AA62: =W62-X62 -> 0.32025877 | AB62: =Y62/W62 -> 0.67570732
A63: 1048576 | B63: 5 | C63: 216 | D63: 0.2 | E63: 13 | F63: 16383 | G63: 3776118.7 | H63: =A63/F63 -> 64.003906 | I63: 431751896000 | J63: 2346588257700 | K63: =avg!I149/avg!H149 -> 5.4350387 | L63: =avg!U149/avg!N149 -> 4.6162384 | M63: =avg!V149/avg!Q149 -> 7.3363665 | N63: =avg!W149/avg!R149 -> 0.21040086 | O63: =avg!T149/avg!K149 -> 0.63128763 | P63: =avg!X63/avg!S63 -> 12.570957 | Q63: =avg!K149/avg!H149 -> 0.0019484772 | R63: =1-Q63-T63-U63 -> 0.70242473 | S63: =avg!N149/avg!H149 -> 0.69857618 | T63: =avg!Q149/avg!H149 -> 0.29558517 | U63: =avg!R149/avg!H149 -> 4.1618887e-05 | V63: =avg!T149/avg!I149 -> 0.00022631846 | W63: =1-V63-Y63-Z63 -> 0.60078298 | X63: =avg!U149/avg!I149 -> 0.59333417 | Y63: =avg!V149/avg!I149 -> 0.39898909 | Z63: =avg!W149/avg!I149 -> 1.6111476e-06 | AA63: =W63-X63 -> 0.0074488112 | AB63: =Y63/W63 -> 0.66411517
A64: 524288 | B64: 5 | C64: 216 | D64: 0.5 | E64: 12 | F64: 8191 | G64: 178802 | H64: =A64/F64 -> 64.007813 | I64: 21990497300 | J64: 110296505450 | K64: =avg!I108/avg!H108 -> 5.015644 | L64: =avg!U108/avg!N108 -> 3.8213825 | M64: =avg!V108/avg!Q108 -> 7.3424381 | N64: =avg!W108/avg!R108 -> 0.43348971 | O64: =avg!T108/avg!K108 -> 9.1436356 | P64: =avg!X64/avg!S64 -> 12.38571 | Q64: =avg!K108/avg!H108 -> 0.001577968 | R64: =1-Q64-T64-U64 -> 0.72535129 | S64: =avg!N108/avg!H108 -> 0.681308 | T64: =avg!Q108/avg!H108 -> 0.27287905 | U64: =avg!R108/avg!H108 -> 0.00019168848 | V64: =avg!T108/avg!I108 -> 0.0028766723 | W64: =1-V64-Y64-Z64 -> 0.59763711 | X64: =avg!U108/avg!I108 -> 0.51908359 | Y64: =avg!V108/avg!I108 -> 0.39946965 | Z64: =avg!W108/avg!I108 -> 1.6567161e-05 | AA64: =W64-X64 -> 0.078553521 | AB64: =Y64/W64 -> 0.66841507
A65: 131072 | B65: 5 | C65: 216 | D65: 0.35 | E65: 10 | F65: 2047 | G65: 89933.333 | H65: =A65/F65 -> 64.031265 | I65: 1.0579841e+10 | J65: 5.3815309e+10 | K65: =avg!I53/avg!H53 -> 5.0865897 | L65: =avg!U53/avg!N53 -> 4.1996501 | M65: =avg!V53/avg!Q53 -> 7.2750594 | N65: =avg!W53/avg!R53 -> 0.29981335 | O65: =avg!T53/avg!K53 -> 3.0224365 | P65: =avg!X65/avg!S65 -> 5.0370725 | Q65: =avg!K53/avg!H53 -> 0.0017282081 | R65: =1-Q65-T65-U65 -> 0.71340122 | S65: =avg!N53/avg!H53 -> 0.66164452 | T65: =avg!Q53/avg!H53 -> 0.28474904 | U65: =avg!R53/avg!H53 -> 0.00012153302 | V65: =avg!T53/avg!I53 -> 0.0010268961 | W65: =1-V65-Y65-Z65 -> 0.59170562 | X65: =avg!U53/avg!I53 -> 0.54627474 | Y65: =avg!V53/avg!I53 -> 0.40726032 | Z65: =avg!W53/avg!I53 -> 7.1633891e-06 | AA65: =W65-X65 -> 0.045430877 | AB65: =Y65/W65 -> 0.688282
A66: 262144 | B66: 3 | C66: 64 | D66: 0.8 | E66: 12 | F66: 8191 | G66: 32366.667 | H66: =A66/F66 -> 32.003907 | I66: 1033676000 | J66: 4.7584075e+09 | K66: =avg!I64/avg!H64 -> 4.6033839 | L66: =avg!U64/avg!N64 -> 1.8321168 | M66: =avg!V64/avg!Q64 -> 6.8837964 | N66: =avg!W64/avg!R64 -> 0.39777469 | O66: =avg!T64/avg!K64 -> 7.4685572 | P66: =avg!X66/avg!S66 -> 7.0593698 | Q66: =avg!K64/avg!H64 -> 0.01040613 | R66: =1-Q66-T66-U66 -> 0.71495036 | S66: =avg!N64/avg!H64 -> 0.58812755 | T66: =avg!Q64/avg!H64 -> 0.27260315 | U66: =avg!R64/avg!H64 -> 0.0020403556 | V66: =avg!T64/avg!I64 -> 0.016882966 | W66: =1-V66-Y66-Z66 -> 0.57529613 | X66: =avg!U64/avg!I64 -> 0.23407094 | Y66: =avg!V64/avg!I64 -> 0.4076446 | Z66: =avg!W64/avg!I64 -> 0.00017630548 | AA66: =W66-X66 -> 0.34122519 | AB66: =Y66/W66 -> 0.7085822
A67: 1048576 | B67: 4 | C67: 125 | D67: 0.2 | E67: 14 | F67: 32767 | G67: 9805498.7 | H67: =A67/F67 -> 32.000977 | I67: 2.3424215e+11 | J67: 1.4277246e+12 | K67: =avg!I147/avg!H147 -> 6.0950799 | L67: =avg!U147/avg!N147 -> 5.7009847 | M67: =avg!V147/avg!Q147 -> 6.8510695 | N67: =avg!W147/avg!R147 -> 0.29506678 | O67: =avg!T147/avg!K147 -> 0.33964107 | P67: =avg!X67/avg!S67 -> 4.192652 | Q67: =avg!K147/avg!H147 -> 0.0089492855 | R67: =1-Q67-T67-U67 -> 0.62552044 | S67: =avg!N147/avg!H147 -> 0.61907775 | T67: =avg!Q147/avg!H147 -> 0.36547453 | U67: =avg!R147/avg!H147 -> 5.5747439e-05 | V67: =avg!T147/avg!I147 -> 0.00049868828 | W67: =1-V67-Y67-Z67 -> 0.58869326 | X67: =avg!U147/avg!I147 -> 0.57904947 | Y67: =avg!V147/avg!I147 -> 0.41080535 | Z67: =avg!W147/avg!I147 -> 2.6987697e-06 | AA67: =W67-X67 -> 0.0096437932 | AB67: =Y67/W67 -> 0.6978258
A68: 262144 | B68: 3 | C68: 64 | D68: 0.95 | E68: 12 | F68: 8191 | G68: 24472 | H68: =A68/F68 -> 32.003907 | I68: 8.5248457e+08 | J68: 3562095400 | K68: =avg!I63/avg!H63 -> 4.1784867 | L68: =avg!U63/avg!N63 -> 0.73768893 | M68: =avg!V63/avg!Q63 -> 6.4314462 | N68: =avg!W63/avg!R63 -> 0.40156789 | O68: =avg!T63/avg!K63 -> 25.812021 | P68: =avg!X68/avg!S68 -> 6.3739877 | Q68: =avg!K63/avg!H63 -> 0.0038084365 | R68: =1-Q68-T68-U68 -> 0.72596802 | S68: =avg!N63/avg!H63 -> 0.5720161 | T68: =avg!Q63/avg!H63 -> 0.26772966 | U68: =avg!R63/avg!H63 -> 0.0024938868 | V68: =avg!T63/avg!I63 -> 0.023526087 | W68: =1-V68-Y68-Z68 -> 0.56414991 | X68: =avg!U63/avg!I63 -> 0.10098631 | Y68: =avg!V63/avg!I63 -> 0.41208433 | Z68: =avg!W63/avg!I63 -> 0.00023967166 | AA68: =W68-X68 -> 0.4631636 | AB68: =Y68/W68 -> 0.73045182
A69: 65536 | B69: 3 | C69: 64 | D69: 0.65 | E69: 10 | F69: 2047 | G69: 11989.333 | H69: =A69/F69 -> 32.015633 | I69: 4.8173507e+08 | J69: 1722379700 | K69: =avg!I8/avg!H8 -> 3.5753671 | L69: =avg!U8/avg!N8 -> 1.715013 | M69: =avg!V8/avg!Q8 -> 5.870343 | N69: =avg!W8/avg!R8 -> 0.20679585 | O69: =avg!T8/avg!K8 -> 7.0405075 | P69: =avg!X69/avg!S69 -> 3.0316403 | Q69: =avg!K8/avg!H8 -> 0.0056831376 | R69: =1-Q69-T69-U69 -> 0.73882083 | S69: =avg!N8/avg!H8 -> 0.67052603 | T69: =avg!Q8/avg!H8 -> 0.25400338 | U69: =avg!R8/avg!H8 -> 0.00149266 | V69: =avg!T8/avg!I8 -> 0.011191067 | W69: =1-V69-Y69-Z69 -> 0.57167817 | X69: =avg!U8/avg!I8 -> 0.32163435 | Y69: =avg!V8/avg!I8 -> 0.41704443 | Z69: =avg!W8/avg!I8 -> 8.6334041e-05 | AA69: =W69-X69 -> 0.25004382 | AB69: =Y69/W69 -> 0.72950912
A70: 262144 | B70: 5 | C70: 216 | D70: 0.5 | E70: 11 | F70: 4095 | G70: 85347 | H70: =A70/F70 -> 64.015629 | I70: 10228422725 | J70: 50344894800 | K70: =avg!I78/avg!H78 -> 4.9220585 | L70: =avg!U78/avg!N78 -> 3.6652376 | M70: =avg!V78/avg!Q78 -> 7.3721385 | N70: =avg!W78/avg!R78 -> 0.38296612 | O70: =avg!T78/avg!K78 -> 5.8279537 | P70: =avg!X70/avg!S70 -> 5.247985 | Q70: =avg!K78/avg!H78 -> 0.0014257037 | R70: =1-Q70-T70-U70 -> 0.71913578 | S70: =avg!N78/avg!H78 -> 0.65917106 | T70: =avg!Q78/avg!H78 -> 0.27921576 | U70: =avg!R78/avg!H78 -> 0.00022275184 | V70: =avg!T78/avg!I78 -> 0.0016881017 | W70: =1-V70-Y70-Z70 -> 0.58009204 | X70: =avg!U78/avg!I78 -> 0.49085531 | Y70: =avg!V78/avg!I78 -> 0.41820252 | Z70: =avg!W78/avg!I78 -> 1.7331449e-05 | AA70: =W70-X70 -> 0.089236737 | AB70: =Y70/W70 -> 0.72092442
A71: 524288 | B71: 3 | C71: 64 | D71: 0.65 | E71: 13 | F71: 16383 | G71: 101557.33 | H71: =A71/F71 -> 32.001953 | I71: 3.1706361e+09 | J71: 1.4638244e+10 | K71: =avg!I97/avg!H97 -> 4.6168163 | L71: =avg!U97/avg!N97 -> 3.1896994 | M71: =avg!V97/avg!Q97 -> 7.1068511 | N71: =avg!W97/avg!R97 -> 0.43657065 | O71: =avg!T97/avg!K97 -> 17.674656 | P71: =avg!X71/avg!S71 -> 6.8867756 | Q71: =avg!K97/avg!H97 -> 0.0087783543 | R71: =1-Q71-T71-U71 -> 0.71667011 | S71: =avg!N97/avg!H97 -> 0.48765278 | T71: =avg!Q97/avg!H97 -> 0.27323576 | U71: =avg!R97/avg!H97 -> 0.0013157717 | V71: =avg!T97/avg!I97 -> 0.03360636 | W71: =1-V71-Y71-Z71 -> 0.54566641 | X71: =avg!U97/avg!I97 -> 0.33691308 | Y71: =avg!V97/avg!I97 -> 0.42060281 | Z71: =avg!W97/avg!I97 -> 0.00012442066 | AA71: =W71-X71 -> 0.20875333 | AB71: =Y71/W71 -> 0.77080576
A72: 65536 | B72: 4 | C72: 125 | D72: 0.2 | E72: 10 | F72: 2047 | G72: 322156 | H72: =A72/F72 -> 32.015633 | I72: 7.5784344e+09 | J72: 4.5013865e+10 | K72: =avg!I27/avg!H27 -> 5.9397315 | L72: =avg!U27/avg!N27 -> 5.406002 | M72: =avg!V27/avg!Q27 -> 6.7340236 | N72: =avg!W27/avg!R27 -> 0.20870648 | O72: =avg!T27/avg!K27 -> 2.3166085 | P72: =avg!X72/avg!S72 -> 6.3168207 | Q72: =avg!K27/avg!H27 -> 0.0074633621 | R72: =1-Q72-T72-U72 -> 0.62103816 | S72: =avg!N27/avg!H27 -> 0.613921 | T72: =avg!Q27/avg!H27 -> 0.37140664 | U72: =avg!R27/avg!H27 -> 9.1843948e-05 | V72: =avg!T27/avg!I27 -> 0.0029108535 | W72: =1-V72-Y72-Z72 -> 0.57601283 | X72: =avg!U27/avg!I27 -> 0.55875559 | Y72: =avg!V27/avg!I27 -> 0.42107309 | Z72: =avg!W27/avg!I27 -> 3.2271538e-06 | AA72: =W72-X72 -> 0.017257244 | AB72: =Y72/W72 -> 0.73101337
A73: 65536 | B73: 5 | C73: 216 | D73: 0.5 | E73: 9 | F73: 1023 | G73: 19130 | H73: =A73/F73 -> 64.062561 | I73: 2589492175 | J73: 10961730325 | K73: =avg!I18/avg!H18 -> 4.2331583 | L73: =avg!U18/avg!N18 -> 3.2739499 | M73: =avg!V18/avg!Q18 -> 7.2484027 | N73: =avg!W18/avg!R18 -> 0.21269291 | O73: =avg!T18/avg!K18 -> 6.2356541 | P73: =avg!X73/avg!S73 -> 3.7307646 | Q73: =avg!K18/avg!H18 -> 0.0012100056 | R73: =1-Q73-T73-U73 -> 0.75136059 | S73: =avg!N18/avg!H18 -> 0.60939108 | T73: =avg!Q18/avg!H18 -> 0.2471285 | U73: =avg!R18/avg!H18 -> 0.00030089877 | V73: =avg!T18/avg!I18 -> 0.0017823988 | W73: =1-V73-Y73-Z73 -> 0.57504635 | X73: =avg!U18/avg!I18 -> 0.4713067 | Y73: =avg!V18/avg!I18 -> 0.42315613 | Z73: =avg!W18/avg!I18 -> 1.5118507e-05 | AA73: =W73-X73 -> 0.10373965 | AB73: =Y73/W73 -> 0.7358644
A74: 1048576 | B74: 6 | C74: 343 | D74: 0.8 | E74: 12 | F74: 8191 | G74: 36064 | H74: =A74/F74 -> 128.01563 | I74: 2.6813561e+10 | J74: 8.7696723e+10 | K74: =avg!I133/avg!H133 -> 3.2706108 | L74: =avg!U133/avg!N133 -> 1.4306135 | M74: =avg!V133/avg!Q133 -> 7.6610093 | N74: =avg!W133/avg!R133 -> 0.29614969 | O74: =avg!T133/avg!K133 -> 108.36886 | P74: =avg!X74/avg!S74 -> 6.3406946 | Q74: =avg!K133/avg!H133 -> 0.00024149969 | R74: =1-Q74-T74-U74 -> 0.81784987 | S74: =avg!N133/avg!H133 -> 0.74397464 | T74: =avg!Q133/avg!H133 -> 0.18143159 | U74: =avg!R133/avg!H133 -> 0.00047704095 | V74: =avg!T133/avg!I133 -> 0.0080018832 | W74: =1-V74-Y74-Z74 -> 0.56697341 | X74: =avg!U133/avg!I133 -> 0.32542551 | Y74: =avg!V133/avg!I133 -> 0.42498151 | Z74: =avg!W133/avg!I133 -> 4.3195457e-05 | AA74: =W74-X74 -> 0.24154791 | AB74: =Y74/W74 -> 0.74956162
A75: 131072 | B75: 6 | C75: 343 | D75: 0.8 | E75: 9 | F75: 1023 | G75: 4548 | H75: =A75/F75 -> 128.12512 | I75: 3.8235243e+09 | J75: 1.0756737e+10 | K75: =avg!I43/avg!H43 -> 2.8133043 | L75: =avg!U43/avg!N43 -> 1.2774504 | M75: =avg!V43/avg!Q43 -> 7.5800874 | N75: =avg!W43/avg!R43 -> 0.32834285 | O75: =avg!T43/avg!K43 -> 39.030486 | P75: =avg!X75/avg!S75 -> 8.0851413 | Q75: =avg!K43/avg!H43 -> 0.0002344957 | R75: =1-Q75-T75-U75 -> 0.83853993 | S75: =avg!N43/avg!H43 -> 0.68413765 | T75: =avg!Q43/avg!H43 -> 0.16088667 | U75: =avg!R43/avg!H43 -> 0.00033890199 | V75: =avg!T43/avg!I43 -> 0.0032532851 | W75: =1-V75-Y75-Z75 -> 0.56321867 | X75: =avg!U43/avg!I43 -> 0.31064961 | Y75: =avg!V43/avg!I43 -> 0.43348849 | Z75: =avg!W43/avg!I43 -> 3.9553505e-05 | AA75: =W75-X75 -> 0.25256906 | AB75: =Y75/W75 -> 0.76966285
A76: 131072 | B76: 6 | C76: 343 | D76: 0.95 | E76: 9 | F76: 1023 | G76: 3072 | H76: =A76/F76 -> 128.12512 | I76: 3.3173861e+09 | J76: 7.1701607e+09 | K76: =avg!I41/avg!H41 -> 2.1613886 | L76: =avg!U41/avg!N41 -> 0.5370143 | M76: =avg!V41/avg!Q41 -> 7.5439226 | N76: =avg!W41/avg!R41 -> 0.30059871 | O76: =avg!T41/avg!K41 -> 63.366349 | P76: =avg!X76/avg!S76 -> 7.001494 | Q76: =avg!K41/avg!H41 -> 0.00016028684 | R76: =1-Q76-T76-U76 -> 0.87320256 | S76: =avg!N41/avg!H41 -> 0.64675742 | T76: =avg!Q41/avg!H41 -> 0.12626625 | U76: =avg!R41/avg!H41 -> 0.00037090447 | V76: =avg!T41/avg!I41 -> 0.0046991973 | W76: =1-V76-Y76-Z76 -> 0.55454051 | X76: =avg!U41/avg!I41 -> 0.16069206 | Y76: =avg!V41/avg!I41 -> 0.44070871 | Z76: =avg!W41/avg!I41 -> 5.1584153e-05 | AA76: =W76-X76 -> 0.39384846 | AB76: =Y76/W76 -> 0.7947277
A77: 1048576 | B77: 6 | C77: 343 | D77: 0.95 | E77: 12 | F77: 8191 | G77: 24576 | H77: =A77/F77 -> 128.01563 | I77: 2.1189434e+10 | J77: 5.6461494e+10 | K77: =avg!I130/avg!H130 -> 2.6646061 | L77: =avg!U130/avg!N130 -> 0.56842454 | M77: =avg!V130/avg!Q130 -> 7.6567081 | N77: =avg!W130/avg!R130 -> 0.50126091 | O77: =avg!T130/avg!K130 -> 243.16927 | P77: =avg!X77/avg!S77 -> 8.152595 | Q77: =avg!K130/avg!H130 -> 0.00015592048 | R77: =1-Q77-T77-U77 -> 0.84234217 | S77: =avg!N130/avg!H130 -> 0.74849391 | T77: =avg!Q130/avg!H130 -> 0.15712763 | U77: =avg!R130/avg!H130 -> 0.00037428088 | V77: =avg!T130/avg!I130 -> 0.014229146 | W77: =1-V77-Y77-Z77 -> 0.53419641 | X77: =avg!U130/avg!I130 -> 0.15967174 | Y77: =avg!V130/avg!I130 -> 0.45150403 | Z77: =avg!W130/avg!I130 -> 7.0409047e-05 | AA77: =W77-X77 -> 0.37452467 | AB77: =Y77/W77 -> 0.8452023
A78: 262144 | B78: 5 | C78: 216 | D78: 0.35 | E78: 11 | F78: 4095 | G78: 213698.67 | H78: =A78/F78 -> 64.015629 | I78: 22049402800 | J78: 116624434800 | K78: =avg!I83/avg!H83 -> 5.2892333 | L78: =avg!U83/avg!N83 -> 4.1994608 | M78: =avg!V83/avg!Q83 -> 7.3636166 | N78: =avg!W83/avg!R83 -> 0.404801 | O78: =avg!T83/avg!K83 -> 1.7656202 | P78: =avg!X78/avg!S78 -> 7.3247807 | Q78: =avg!K83/avg!H83 -> 0.0020058109 | R78: =1-Q78-T78-U78 -> 0.67325754 | S78: =avg!N83/avg!H83 -> 0.64075893 | T78: =avg!Q83/avg!H83 -> 0.32463998 | U78: =avg!R83/avg!H83 -> 9.6669285e-05 | V78: =avg!T83/avg!I83 -> 0.0006695678 | W78: =1-V78-Y78-Z78 -> 0.54736257 | X78: =avg!U83/avg!I83 -> 0.50873952 | Y78: =avg!V83/avg!I83 -> 0.45196047 | Z78: =avg!W83/avg!I83 -> 7.3983924e-06 | AA78: =W78-X78 -> 0.038623046 | AB78: =Y78/W78 -> 0.82570584
A79: 262144 | B79: 4 | C79: 125 | D79: 0.2 | E79: 12 | F79: 8191 | G79: 2185224 | H79: =A79/F79 -> 32.003907 | I79: 46659979800 | J79: 2.8542989e+11 | K79: =avg!I87/avg!H87 -> 6.1172313 | L79: =avg!U87/avg!N87 -> 5.6498603 | M79: =avg!V87/avg!Q87 -> 6.8050139 | N79: =avg!W87/avg!R87 -> 0.36637215 | O79: =avg!T87/avg!K87 -> 1.1529064 | P79: =avg!X79/avg!S79 -> 2.7167332 | Q79: =avg!K87/avg!H87 -> 0.0078781167 | R79: =1-Q79-T79-U79 -> 0.58272381 | S79: =avg!N87/avg!H87 -> 0.57583568 | T79: =avg!Q87/avg!H87 -> 0.40934689 | U79: =avg!R87/avg!H87 -> 5.1180905e-05 | V79: =avg!T87/avg!I87 -> 0.0014847782 | W79: =1-V79-Y79-Z79 -> 0.5431409 | X79: =avg!U87/avg!I87 -> 0.53184047 | Y79: =avg!V87/avg!I87 -> 0.45537126 | Z79: =avg!W87/avg!I87 -> 3.0653179e-06 | AA79: =W79-X79 -> 0.011300435 | AB79: =Y79/W79 -> 0.83840354
A80: 524288 | B80: 6 | C80: 343 | D80: 0.65 | E80: 11 | F80: 4095 | G80: 31265.333 | H80: =A80/F80 -> 128.03126 | I80: 1.7740775e+10 | J80: 68920349200 | K80: =avg!I107/avg!H107 -> 3.8848557 | L80: =avg!U107/avg!N107 -> 2.0575194 | M80: =avg!V107/avg!Q107 -> 7.7151331 | N80: =avg!W107/avg!R107 -> 0.45257338 | O80: =avg!T107/avg!K107 -> 30.967851 | P80: =avg!X80/avg!S80 -> 5.2951738 | Q80: =avg!K107/avg!H107 -> 0.00032576932 | R80: =1-Q80-T80-U80 -> 0.76287998 | S80: =avg!N107/avg!H107 -> 0.70149396 | T80: =avg!Q107/avg!H107 -> 0.23656386 | U80: =avg!R107/avg!H107 -> 0.00023039392 | V80: =avg!T107/avg!I107 -> 0.002596847 | W80: =1-V80-Y80-Z80 -> 0.52757208 | X80: =avg!U107/avg!I107 -> 0.37152922 | Y80: =avg!V107/avg!I107 -> 0.46980423 | Z80: =avg!W107/avg!I107 -> 2.6840162e-05 | AA80: =W80-X80 -> 0.15604286 | AB80: =Y80/W80 -> 0.89050246
A81: 131072 | B81: 7 | C81: 512 | D81: 0.95 | E81: 8 | F81: 511 | G81: 1024 | H81: =A81/F81 -> 256.50098 | I81: 3.7740352e+09 | J81: 9.2389567e+09 | K81: =avg!I42/avg!H42 -> 2.4480314 | L81: =avg!U42/avg!N42 -> 0.57380271 | M81: =avg!V42/avg!Q42 -> 7.7801097 | N81: =avg!W42/avg!R42 -> 0.29574038 | O81: =avg!T42/avg!K42 -> 181.51799 | P81: =avg!X81/avg!S81 -> 8.0453524 | Q81: =avg!K42/avg!H42 -> 4.6139827e-05 | R81: =1-Q81-T81-U81 -> 0.85103366 | S81: =avg!N42/avg!H42 -> 0.67995818 | T81: =avg!Q42/avg!H42 -> 0.14857537 | U81: =avg!R42/avg!H42 -> 0.00034482102 | V81: =avg!T42/avg!I42 -> 0.0034212016 | W81: =1-V81-Y81-Z81 -> 0.52434846 | X81: =avg!U42/avg!I42 -> 0.1593778 | Y81: =avg!V42/avg!I42 -> 0.47218869 | Z81: =avg!W42/avg!I42 -> 4.165694e-05 | AA81: =W81-X81 -> 0.36497066 | AB81: =Y81/W81 -> 0.9005246
A82: 524288 | B82: 5 | C82: 216 | D82: 0.35 | E82: 12 | F82: 8191 | G82: 504657.33 | H82: =A82/F82 -> 64.007813 | I82: 4.7448948e+10 | J82: 2.5974832e+11 | K82: =avg!I113/avg!H113 -> 5.4742694 | L82: =avg!U113/avg!N113 -> 4.2892806 | M82: =avg!V113/avg!Q113 -> 7.3460006 | N82: =avg!W113/avg!R113 -> 0.46440383 | O82: =avg!T113/avg!K113 -> 3.4261796 | P82: =avg!X82/avg!S82 -> 7.9443414 | Q82: =avg!K113/avg!H113 -> 0.0018431058 | R82: =1-Q82-T82-U82 -> 0.64180331 | S82: =avg!N113/avg!H113 -> 0.62218908 | T82: =avg!Q113/avg!H113 -> 0.35626798 | U82: =avg!R113/avg!H113 -> 8.5602881e-05 | V82: =avg!T113/avg!I113 -> 0.0011535442 | W82: =1-V82-Y82-Z82 -> 0.52075807 | X82: =avg!U113/avg!I113 -> 0.4875068 | Y82: =avg!V113/avg!I113 -> 0.47808112 | Z82: =avg!W113/avg!I113 -> 7.2620295e-06 | AA82: =W82-X82 -> 0.033251276 | AB82: =Y82/W82 -> 0.9180484
A83: 65536 | B83: 6 | C83: 343 | D83: 0.65 | E83: 8 | F83: 511 | G83: 3544 | H83: =A83/F83 -> 128.25049 | I83: 2.7383289e+09 | J83: 7.5929124e+09 | K83: =avg!I16/avg!H16 -> 2.7728271 | L83: =avg!U16/avg!N16 -> 1.5853237 | M83: =avg!V16/avg!Q16 -> 7.552243 | N83: =avg!W16/avg!R16 -> 0.20506173 | O83: =avg!T16/avg!K16 -> 28.041625 | P83: =avg!X83/avg!S83 -> 6.2860007 | Q83: =avg!K16/avg!H16 -> 0.00024331141 | R83: =1-Q83-T83-U83 -> 0.82391141 | S83: =avg!N16/avg!H16 -> 0.58194135 | T83: =avg!Q16/avg!H16 -> 0.17556824 | U83: =avg!R16/avg!H16 -> 0.00027704245 | V83: =avg!T16/avg!I16 -> 0.0024606105 | W83: =1-V83-Y83-Z83 -> 0.51933041 | X83: =avg!U16/avg!I16 -> 0.33271654 | Y83: =avg!V16/avg!I16 -> 0.47818849 | Z83: =avg!W16/avg!I16 -> 2.0488405e-05 | AA83: =W83-X83 -> 0.18661388 | AB83: =Y83/W83 -> 0.92077891
A84: 1048576 | B84: 7 | C84: 512 | D84: 0.95 | E84: 11 | F84: 4095 | G84: 8192 | H84: =A84/F84 -> 256.06252 | I84: 2.5370596e+10 | J84: 7.342687e+10 | K84: =avg!I132/avg!H132 -> 2.894172 | L84: =avg!U132/avg!N132 -> 0.63208185 | M84: =avg!V132/avg!Q132 -> 8.0911394 | N84: =avg!W132/avg!R132 -> 0.46325289 | O84: =avg!T132/avg!K132 -> 502.89796 | P84: =avg!X84/avg!S84 -> 7.8556198 | Q84: =avg!K132/avg!H132 -> 5.6925478e-05 | R84: =1-Q84-T84-U84 -> 0.82488007 | S84: =avg!N132/avg!H132 -> 0.74700557 | T84: =avg!Q132/avg!H132 -> 0.17474284 | U84: =avg!R132/avg!H132 -> 0.00032015934 | V84: =avg!T132/avg!I132 -> 0.0098915015 | W84: =1-V84-Y84-Z84 -> 0.50153456 | X84: =avg!U132/avg!I132 -> 0.16314464 | Y84: =avg!V132/avg!I132 -> 0.48852269 | Z84: =avg!W132/avg!I132 -> 5.1245999e-05 | AA84: =W84-X84 -> 0.33838991 | AB84: =Y84/W84 -> 0.97405589
A85: 262144 | B85: 6 | C85: 343 | D85: 0.5 | E85: 10 | F85: 2047 | G85: 34838 | H85: =A85/F85 -> 128.06253 | I85: 15698883925 | J85: 73392390175 | K85: =avg!I82/avg!H82 -> 4.6750069 | L85: =avg!U82/avg!N82 -> 3.087996 | M85: =avg!V82/avg!Q82 -> 7.6923511 | N85: =avg!W82/avg!R82 -> 0.38928415 | O85: =avg!T82/avg!K82 -> 11.42754 | P85: =avg!X85/avg!S85 -> 7.0823929 | Q85: =avg!K82/avg!H82 -> 0.00041973207 | R85: =1-Q85-T85-U85 -> 0.70225806 | S85: =avg!N82/avg!H82 -> 0.65786337 | T85: =avg!Q82/avg!H82 -> 0.29717672 | U85: =avg!R82/avg!H82 -> 0.00014548805 | V85: =avg!T82/avg!I82 -> 0.0010259889 | W85: =1-V85-Y85-Z85 -> 0.50998129 | X85: =avg!U82/avg!I82 -> 0.43454042 | Y85: =avg!V82/avg!I82 -> 0.4889806 | Z85: =avg!W82/avg!I82 -> 1.2114676e-05 | AA85: =W85-X85 -> 0.075440869 | AB85: =Y85/W85 -> 0.95882067
A86: 131072 | B86: 4 | C86: 125 | D86: 0.2 | E86: 11 | F86: 4095 | G86: 915456 | H86: =A86/F86 -> 32.007814 | I86: 1.7938551e+10 | J86: 1.079101e+11 | K86: =avg!I57/avg!H57 -> 6.0155416 | L86: =avg!U57/avg!N57 -> 5.452136 | M86: =avg!V57/avg!Q57 -> 6.751195 | N86: =avg!W57/avg!R57 -> 0.28153534 | O86: =avg!T57/avg!K57 -> 0.29380644 | P86: =avg!X86/avg!S86 -> 8.0464894 | Q86: =avg!K57/avg!H57 -> 0.0078876957 | R86: =1-Q86-T86-U86 -> 0.54450186 | S86: =avg!N57/avg!H57 -> 0.53019603 | T86: =avg!Q57/avg!H57 -> 0.44753454 | U86: =avg!R57/avg!H57 -> 7.590914e-05 | V86: =avg!T57/avg!I57 -> 0.00038524475 | W86: =1-V86-Y86-Z86 -> 0.49734672 | X86: =avg!U57/avg!I57 -> 0.48053875 | Y86: =avg!V57/avg!I57 -> 0.50226449 | Z86: =avg!W57/avg!I57 -> 3.5526485e-06 | AA86: =W86-X86 -> 0.016807963 | AB86: =Y86/W86 -> 1.009888
A87: 524288 | B87: 7 | C87: 512 | D87: 0.8 | E87: 10 | F87: 2047 | G87: 7576 | H87: =A87/F87 -> 256.12506 | I87: 17296369400 | J87: 6.5029808e+10 | K87: =avg!I106/avg!H106 -> 3.7597375 | L87: =avg!U106/avg!N106 -> 1.6152169 | M87: =avg!V106/avg!Q106 -> 8.0112837 | N87: =avg!W106/avg!R106 -> 0.45167063 | O87: =avg!T106/avg!K106 -> 99.603126 | P87: =avg!X87/avg!S87 -> 10.035717 | Q87: =avg!K106/avg!H106 -> 9.6681176e-05 | R87: =1-Q87-T87-U87 -> 0.76331115 | S87: =avg!N106/avg!H106 -> 0.70025696 | T87: =avg!Q106/avg!H106 -> 0.23634987 | U87: =avg!R106/avg!H106 -> 0.00024230711 | V87: =avg!T106/avg!I106 -> 0.0025612818 | W87: =1-V87-Y87-Z87 -> 0.4937931 | X87: =avg!U106/avg!I106 -> 0.30083666 | Y87: =avg!V106/avg!I106 -> 0.5036165 | Z87: =avg!W106/avg!I106 -> 2.9109215e-05 | AA87: =W87-X87 -> 0.19295644 | AB87: =Y87/W87 -> 1.0198938
A88: 1048576 | B88: 6 | C88: 343 | D88: 0.65 | E88: 12 | F88: 8191 | G88: 73064 | H88: =A88/F88 -> 128.01563 | I88: 3.6692422e+10 | J88: 1.4993082e+11 | K88: =avg!I137/avg!H137 -> 4.0861524 | L88: =avg!U137/avg!N137 -> 2.0895797 | M88: =avg!V137/avg!Q137 -> 7.7769754 | N88: =avg!W137/avg!R137 -> 0.46581025 | O88: =avg!T137/avg!K137 -> 57.758084 | P88: =avg!X88/avg!S88 -> 8.0224559 | Q88: =avg!K137/avg!H137 -> 0.00033273265 | R88: =1-Q88-T88-U88 -> 0.7332264 | S88: =avg!N137/avg!H137 -> 0.67910052 | T88: =avg!Q137/avg!H137 -> 0.26621683 | U88: =avg!R137/avg!H137 -> 0.00022403264 | V88: =avg!T137/avg!I137 -> 0.0047032021 | W88: =1-V88-Y88-Z88 -> 0.48859369 | X88: =avg!U137/avg!I137 -> 0.34727894 | Y88: =avg!V137/avg!I137 -> 0.50667757 | Z88: =avg!W137/avg!I137 -> 2.5539111e-05 | AA88: =W88-X88 -> 0.14131475 | AB88: =Y88/W88 -> 1.0370121
A89: 65536 | B89: 7 | C89: 512 | D89: 0.8 | E89: 7 | F89: 255 | G89: 953.33333 | H89: =A89/F89 -> 257.00392 | I89: 2.8712237e+09 | J89: 8.0812301e+09 | K89: =avg!I17/avg!H17 -> 2.8145595 | L89: =avg!U17/avg!N17 -> 1.3533543 | M89: =avg!V17/avg!Q17 -> 7.9258801 | N89: =avg!W17/avg!R17 -> 0.21646722 | O89: =avg!T17/avg!K17 -> 61.469695 | P89: =avg!X89/avg!S89 -> 11.462974 | Q89: =avg!K17/avg!H17 -> 7.5658797e-05 | R89: =1-Q89-T89-U89 -> 0.81812025 | S89: =avg!N17/avg!H17 -> 0.58579604 | T89: =avg!Q17/avg!H17 -> 0.18155283 | U89: =avg!R17/avg!H17 -> 0.00025126336 | V89: =avg!T17/avg!I17 -> 0.0016523805 | W89: =1-V89-Y89-Z89 -> 0.48707033 | X89: =avg!U17/avg!I17 -> 0.28167448 | Y89: =avg!V17/avg!I17 -> 0.51125797 | Z89: =avg!W17/avg!I17 -> 1.9324616e-05 | AA89: =W89-X89 -> 0.20539585 | AB89: =Y89/W89 -> 1.0496594
A90: 1048576 | B90: 3 | C90: 64 | D90: 0.65 | E90: 14 | F90: 32767 | G90: 249761.33 | H90: =A90/F90 -> 32.000977 | I90: 5.7647256e+09 | J90: 29456054200 | K90: =avg!I128/avg!H128 -> 5.1097062 | L90: =avg!U128/avg!N128 -> 3.1324702 | M90: =avg!V128/avg!Q128 -> 7.1463132 | N90: =avg!W128/avg!R128 -> 0.45771845 | O90: =avg!T128/avg!K128 -> 10.040444 | P90: =avg!X90/avg!S90 -> 11.447526 | Q90: =avg!K128/avg!H128 -> 0.0084449986 | R90: =1-Q90-T90-U90 -> 0.62333191 | S90: =avg!N128/avg!H128 -> 0.45652014 | T90: =avg!Q128/avg!H128 -> 0.36680232 | U90: =avg!R128/avg!H128 -> 0.0014207672 | V90: =avg!T128/avg!I128 -> 0.016594209 | W90: =1-V90-Y90-Z90 -> 0.47027755 | X90: =avg!U128/avg!I128 -> 0.27986653 | Y90: =avg!V128/avg!I128 -> 0.51300098 | Z90: =avg!W128/avg!I128 -> 0.00012726982 | AA90: =W90-X90 -> 0.19041102 | AB90: =Y90/W90 -> 1.0908473
A91: 131072 | B91: 6 | C91: 343 | D91: 0.65 | E91: 9 | F91: 1023 | G91: 8553.3333 | H91: =A91/F91 -> 128.12512 | I91: 4800561300 | J91: 1.7116031e+10 | K91: =avg!I47/avg!H47 -> 3.5654228 | L91: =avg!U47/avg!N47 -> 1.7806681 | M91: =avg!V47/avg!Q47 -> 7.6500068 | N91: =avg!W47/avg!R47 -> 0.2953279 | O91: =avg!T47/avg!K47 -> 24.383952 | P91: =avg!X91/avg!S91 -> 7.0937833 | Q91: =avg!K47/avg!H47 -> 0.00030096481 | R91: =1-Q91-T91-U91 -> 0.7596013 | S91: =avg!N47/avg!H47 -> 0.63627028 | T91: =avg!Q47/avg!H47 -> 0.23982234 | U91: =avg!R47/avg!H47 -> 0.00027539141 | V91: =avg!T47/avg!I47 -> 0.0020583004 | W91: =1-V91-Y91-Z91 -> 0.48335367 | X91: =avg!U47/avg!I47 -> 0.31777049 | Y91: =avg!V47/avg!I47 -> 0.51456522 | Z91: =avg!W47/avg!I47 -> 2.2810974e-05 | AA91: =W91-X91 -> 0.16558318 | AB91: =Y91/W91 -> 1.0645729
A92: 131072 | B92: 3 | C92: 64 | D92: 0.65 | E92: 11 | F92: 4095 | G92: 30032 | H92: =A92/F92 -> 32.007814 | I92: 848914600 | J92: 3.4967836e+09 | K92: =avg!I39/avg!H39 -> 4.119123 | L92: =avg!U39/avg!N39 -> 1.8850653 | M92: =avg!V39/avg!Q39 -> 6.6919723 | N92: =avg!W39/avg!R39 -> 0.3404099 | O92: =avg!T39/avg!K39 -> 7.3813273 | P92: =avg!X92/avg!S92 -> 10.256636 | Q92: =avg!K39/avg!H39 -> 0.0064338627 | R92: =1-Q92-T92-U92 -> 0.67218846 | S92: =avg!N39/avg!H39 -> 0.59854592 | T92: =avg!Q39/avg!H39 -> 0.31982773 | U92: =avg!R39/avg!H39 -> 0.00154994 | V92: =avg!T39/avg!I39 -> 0.011529262 | W92: =1-V92-Y92-Z92 -> 0.46874701 | X92: =avg!U39/avg!I39 -> 0.27391708 | Y92: =avg!V39/avg!I39 -> 0.51959564 | Z92: =avg!W39/avg!I39 -> 0.00012808914 | AA92: =W92-X92 -> 0.19482993 | AB92: =Y92/W92 -> 1.1084778
A93: 131072 | B93: 5 | C93: 216 | D93: 0.2 | E93: 10 | F93: 2047 | G93: 330368 | H93: =A93/F93 -> 64.031265 | I93: 27488740800 | J93: 1.5473638e+11 | K93: =avg!I59/avg!H59 -> 5.629082 | L93: =avg!U59/avg!N59 -> 4.4833752 | M93: =avg!V59/avg!Q59 -> 7.2418795 | N93: =avg!W59/avg!R59 -> 0.2846146 | O93: =avg!T59/avg!K59 -> 0.65256638 | P93: =avg!X93/avg!S93 -> 8.157467 | Q93: =avg!K59/avg!H59 -> 0.0021699393 | R93: =1-Q93-T93-U93 -> 0.59249154 | S93: =avg!N59/avg!H59 -> 0.58359047 | T93: =avg!Q59/avg!H59 -> 0.40529111 | U93: =avg!R59/avg!H59 -> 4.7415777e-05 | V93: =avg!T59/avg!I59 -> 0.00025155602 | W93: =1-V93-Y93-Z93 -> 0.47833432 | X93: =avg!U59/avg!I59 -> 0.46481025 | Y93: =avg!V59/avg!I59 -> 0.52141173 | Z93: =avg!W59/avg!I59 -> 2.3974109e-06 | AA93: =W93-X93 -> 0.013524066 | AB93: =Y93/W93 -> 1.0900571
A94: 262144 | B94: 3 | C94: 64 | D94: 0.65 | E94: 12 | F94: 8191 | G94: 68510.667 | H94: =A94/F94 -> 32.003907 | I94: 1.8657815e+09 | J94: 7.7535119e+09 | K94: =avg!I69/avg!H69 -> 4.1556376 | L94: =avg!U69/avg!N69 -> 2.6533983 | M94: =avg!V69/avg!Q69 -> 7.0216486 | N94: =avg!W69/avg!R69 -> 0.39796701 | O94: =avg!T69/avg!K69 -> 7.2248395 | P94: =avg!X94/avg!S94 -> 3.2359328 | Q94: =avg!K69/avg!H69 -> 0.0063625527 | R94: =1-Q94-T94-U94 -> 0.67963243 | S94: =avg!N69/avg!H69 -> 0.39130878 | T94: =avg!Q69/avg!H69 -> 0.31286435 | U94: =avg!R69/avg!H69 -> 0.0011406659 | V94: =avg!T69/avg!I69 -> 0.011061701 | W94: =1-V94-Y94-Z94 -> 0.46019212 | X94: =avg!U69/avg!I69 -> 0.24985289 | Y94: =avg!V69/avg!I69 -> 0.52863695 | Z94: =avg!W69/avg!I69 -> 0.00010923652 | AA94: =W94-X94 -> 0.21033922 | AB94: =Y94/W94 -> 1.148731
A95: 1048576 | B95: 7 | C95: 512 | D95: 0.8 | E95: 11 | F95: 4095 | G95: 15497.333 | H95: =A95/F95 -> 256.06252 | I95: 3.3414568e+10 | J95: 1.2796717e+11 | K95: =avg!I136/avg!H136 -> 3.829682 | L95: =avg!U136/avg!N136 -> 1.4895418 | M95: =avg!V136/avg!Q136 -> 8.1536441 | N95: =avg!W136/avg!R136 -> 0.44972966 | O95: =avg!T136/avg!K136 -> 234.00402 | P95: =avg!X95/avg!S95 -> 8.244757 | Q95: =avg!K136/avg!H136 -> 9.6472892e-05 | R95: =1-Q95-T95-U95 -> 0.75005979 | S95: =avg!N136/avg!H136 -> 0.69094835 | T95: =avg!Q136/avg!H136 -> 0.24959042 | U95: =avg!R136/avg!H136 -> 0.00025331965 | V95: =avg!T136/avg!I136 -> 0.005894757 | W95: =1-V95-Y95-Z95 -> 0.46268113 | X95: =avg!U136/avg!I136 -> 0.26874201 | Y95: =avg!V136/avg!I136 -> 0.53139437 | Z95: =avg!W136/avg!I136 -> 2.9747995e-05 | AA95: =W95-X95 -> 0.19393912 | AB95: =Y95/W95 -> 1.148511
A96: 1048576 | B96: 6 | C96: 343 | D96: 0.5 | E96: 12 | F96: 8191 | G96: 181263 | H96: =A96/F96 -> 128.01563 | I96: 70726606325 | J96: 354820503500 | K96: =avg!I142/avg!H142 -> 5.0167896 | L96: =avg!U142/avg!N142 -> 3.246206 | M96: =avg!V142/avg!Q142 -> 7.7793203 | N96: =avg!W142/avg!R142 -> 0.32219253 | O96: =avg!T142/avg!K142 -> 16.264974 | P96: =avg!X96/avg!S96 -> 9.3878271 | Q96: =avg!K142/avg!H142 -> 0.00062353586 | R96: =1-Q96-T96-U96 -> 0.65579987 | S96: =avg!N142/avg!H142 -> 0.62755413 | T96: =avg!Q142/avg!H142 -> 0.34340797 | U96: =avg!R142/avg!H142 -> 0.0001686335 | V96: =avg!T142/avg!I142 -> 0.0020215706 | W96: =1-V96-Y96-Z96 -> 0.46545961 | X96: =avg!U142/avg!I142 -> 0.40607044 | Y96: =avg!V142/avg!I142 -> 0.53250799 | Z96: =avg!W142/avg!I142 -> 1.0830124e-05 | AA96: =W96-X96 -> 0.059389167 | AB96: =Y96/W96 -> 1.1440477
A97: 131072 | B97: 7 | C97: 512 | D97: 0.8 | E97: 8 | F97: 511 | G97: 1937.3333 | H97: =A97/F97 -> 256.50098 | I97: 4.7075359e+09 | J97: 1.5394169e+10 | K97: =avg!I46/avg!H46 -> 3.270112 | L97: =avg!U46/avg!N46 -> 1.3428782 | M97: =avg!V46/avg!Q46 -> 7.8382433 | N97: =avg!W46/avg!R46 -> 0.30495264 | O97: =avg!T46/avg!K46 -> 58.265224 | P97: =avg!X97/avg!S97 -> 4.2083093 | Q97: =avg!K46/avg!H46 -> 0.00010929993 | R97: =1-Q97-T97-U97 -> 0.77688215 | S97: =avg!N46/avg!H46 -> 0.65026001 | T97: =avg!Q46/avg!H46 -> 0.22273419 | U97: =avg!R46/avg!H46 -> 0.00027436151 | V97: =avg!T46/avg!I46 -> 0.0019474516 | W97: =1-V97-Y97-Z97 -> 0.46414777 | X97: =avg!U46/avg!I46 -> 0.2670306 | Y97: =avg!V46/avg!I46 -> 0.53387919 | Z97: =avg!W46/avg!I46 -> 2.5585445e-05 | AA97: =W97-X97 -> 0.19711717 | AB97: =Y97/W97 -> 1.1502354
A98: 524288 | B98: 7 | C98: 512 | D98: 0.65 | E98: 10 | F98: 2047 | G98: 12422.667 | H98: =A98/F98 -> 256.12506 | I98: 22532638900 | J98: 1.0049911e+11 | K98: =avg!I109/avg!H109 -> 4.460157 | L98: =avg!U109/avg!N109 -> 2.2786396 | M98: =avg!V109/avg!Q109 -> 8.0713819 | N98: =avg!W109/avg!R109 -> 0.29376591 | O98: =avg!T109/avg!K109 -> 61.328319 | P98: =avg!X98/avg!S98 -> 8.165919 | Q98: =avg!K109/avg!H109 -> 0.00012076408 | R98: =1-Q98-T98-U98 -> 0.70301257 | S98: =avg!N109/avg!H109 -> 0.65447464 | T98: =avg!Q109/avg!H109 -> 0.29658191 | U98: =avg!R109/avg!H109 -> 0.0002847573 | V98: =avg!T109/avg!I109 -> 0.0016605375 | W98: =1-V98-Y98-Z98 -> 0.46160734 | X98: =avg!U109/avg!I109 -> 0.33436308 | Y98: =avg!V109/avg!I109 -> 0.53671337 | Z98: =avg!W109/avg!I109 -> 1.875539e-05 | AA98: =W98-X98 -> 0.12724426 | AB98: =Y98/W98 -> 1.1627054
A99: 65536 | B99: 5 | C99: 216 | D99: 0.35 | E99: 9 | F99: 1023 | G99: 48737.333 | H99: =A99/F99 -> 64.062561 | I99: 4.4799585e+09 | J99: 21936738300 | K99: =avg!I23/avg!H23 -> 4.8966387 | L99: =avg!U23/avg!N23 -> 3.7665587 | M99: =avg!V23/avg!Q23 -> 7.2663414 | N99: =avg!W23/avg!R23 -> 0.21132398 | O99: =avg!T23/avg!K23 -> 2.4710966 | P99: =avg!X99/avg!S99 -> 9.9311264 | Q99: =avg!K23/avg!H23 -> 0.0015143221 | R99: =1-Q99-T99-U99 -> 0.63514981 | S99: =avg!N23/avg!H23 -> 0.53020181 | T99: =avg!Q23/avg!H23 -> 0.36317042 | U99: =avg!R23/avg!H23 -> 0.00016544796 | V99: =avg!T23/avg!I23 -> 0.00076420507 | W99: =1-V99-Y99-Z99 -> 0.46030381 | X99: =avg!U23/avg!I23 -> 0.40783819 | Y99: =avg!V23/avg!I23 -> 0.53892485 | Z99: =avg!W23/avg!I23 -> 7.1402289e-06 | AA99: =W99-X99 -> 0.05246562 | AB99: =Y99/W99 -> 1.1708025
A100: 524288 | B100: 3 | C100: 64 | D100: 0.5 | E100: 13 | F100: 16383 | G100: 301964 | H100: =A100/F100 -> 32.001953 | I100: 6220332250 | J100: 33449059200 | K100: =avg!I104/avg!H104 -> 5.377375 | L100: =avg!U104/avg!N104 -> 4.1813967 | M100: =avg!V104/avg!Q104 -> 7.1176503 | N100: =avg!W104/avg!R104 -> 0.44867716 | O100: =avg!T104/avg!K104 -> 3.4061513 | P100: =avg!X100/avg!S100 -> 11.588641 | Q100: =avg!K104/avg!H104 -> 0.011040086 | R100: =1-Q100-T100-U100 -> 0.57953492 | S100: =avg!N104/avg!H104 -> 0.46835856 | T100: =avg!Q104/avg!H104 -> 0.40873775 | U100: =avg!R104/avg!H104 -> 0.00068724625 | V100: =avg!T104/avg!I104 -> 0.0069930405 | W100: =1-V100-Y100-Z100 -> 0.45193242 | X100: =avg!U104/avg!I104 -> 0.36419125 | Y100: =avg!V104/avg!I104 -> 0.5410172 | Z100: =avg!W104/avg!I104 -> 5.734242e-05 | AA100: =W100-X100 -> 0.087741172 | AB100: =Y100/W100 -> 1.1971197
...

Sheet plot
K17: سهم میدان نزدیک در سپی بیشتر از جپی متناظر هست. یعنی اون افزایش سرعت بیشتری گرفته.
A37: N0~t | U37: سهم محاسبات میدان نزدیک با سرعت نسبت مستقیم داره چون اسپیداپ میدان نزدیک بیشتره و سهمش نسبت عکس با سهم میدان دور داره.
A38: N0=POW(n) | U38: اتا یا شعاع همسایگی، میدان دور رو بیشتر از میدان نزدیک متاثر میکنه. وقتی زیاد میشه، اسپیداپ میدان نزدیک رو اندکی کم میکنه ولی سهمش رو کاهش میده. درعین حال سهم میدان دور رو اندکی افزایش و اسپداپش رو کاهش میده. درکل سرعت کاهش میشه.
U39: چگالی (جعبه های بزرگتر) بنفع سهم میدان نزدیک و همچنین سرعتش هست ولی ابتدا کاهشی سپس افزایشی هست. برای میدان دور برعکس هست و تاثیرش روی سرعت نامنظم هست. درنتیجه سرعت کل ابتدا کاهش سپس افزایشی میشه.
Q102: ارتفاع درخت میتونه در مساله کوچک با چگالی پایین همونی باشه که در مساله بزرگ با چگالی بالا هست. تاثیر اون روی سرعت یک تاثیر فرعی هست.
K107: تعدد همسایگی ها عامل مهم تری هست
K108: درکل افزایش سرعت میدان نزدیک بالاتر هست

Sheet X numbers only
A1: N | B1: n | C1: N0 | D1: eta | E1: max_level | F1: num_clus | G1: min_nei | H1: t | I1: gpu_time | J1: cpu_time | K1: X total | L1: X M2L | M1: X P2P | N1: X update | O1: X collect | P1: X others FF | Q1: share GPU collect | R1: share GPU FF | S1: share GPU M2l | T1: share GPU NF | U1: share GPU update | V1: share others FF | W1: share others FF | X1: share CPU collect | Y1: share CPU FF | Z1: share CPU M2L | AA1: share CPU NF | AB1: share CPU update | AC1: ratio sahre NF/FF
A2: 65536 | B2: 3 | C2: 64 | D2: 0.2 | E2: 10 | F2: 2047 | G2: 322162.67 | H2: 32.015633 | I2: 4609839300 | J2: 2.6278557e+10 | K2: 5.7005366 | L2: 4.5075315 | M2: 7.0066231 | N2: 0.19608188 | O2: 0.46710375 | P2: 13.304144 | Q2: 0.011348877 | R2: 0.39802913 | S2: 0.32865935 | T2: 0.59045774 | U2: 0.00016425012 | V2: =R2-S2 -> 0.069369779 | W2: =Y2-Z2 -> 0.01344541 | X2: 0.00092993055 | Y2: 0.27332312 | Z2: 0.25987771 | AA2: 0.7257413 | AB2: 5.6497267e-06 | AC2: 2.6552503
A3: 65536 | B3: 3 | C3: 64 | D3: 0.35 | E3: 10 | F3: 2047 | G3: 86474.667 | H3: 32.015633 | I3: 1.9028455e+09 | J3: 8.1734347e+09 | K3: 4.2953748 | L3: 3.6975465 | M3: 6.9830353 | N3: 0.16303397 | O3: 1.5204205 | P3: 13.502566 | Q3: 0.0086196172 | R3: 0.60809551 | S3: 0.38859803 | T3: 0.38282435 | U3: 0.00046052083 | V3: =R3-S3 -> 0.21949748 | W3: =Y3-Z3 -> 0.04005682 | X3: 0.0030510592 | Y3: 0.37456996 | Z3: 0.33451314 | AA3: 0.6223615 | AB3: 1.7479392e-05 | AC3: 1.6615361
A4: 65536 | B4: 3 | C4: 64 | D4: 0.5 | E4: 10 | F4: 2047 | G4: 33680 | H4: 32.015633 | I4: 773197800 | J4: 3516111450 | K4: 4.5474928 | L4: 2.6870571 | M4: 6.6428829 | N4: 0.20749332 | O4: 2.332173 | P4: 15.478042 | Q4: 0.0083875691 | R4: 0.60605016 | S4: 0.56647901 | T4: 0.38466735 | U4: 0.00089491977 | V4: =R4-S4 -> 0.039571149 | W4: =Y4-Z4 -> 0.099018128 | X4: 0.0043015488 | Y4: 0.43374355 | Z4: 0.33472543 | AA4: 0.56191406 | AB4: 4.0833461e-05 | AC4: 1.2954984
A5: 65536 | B5: 3 | C5: 64 | D5: 0.65 | E5: 10 | F5: 2047 | G5: 11989.333 | H5: 32.015633 | I5: 4.8173507e+08 | J5: 1722379700 | K5: 3.5753671 | L5: 1.715013 | M5: 5.870343 | N5: 0.20679585 | O5: 7.0405075 | P5: 9.9231164 | Q5: 0.0056831376 | R5: 0.73882083 | S5: 0.67052603 | T5: 0.25400338 | U5: 0.00149266 | V5: =R5-S5 -> 0.0682948 | W5: =Y5-Z5 -> 0.25004382 | X5: 0.011191067 | Y5: 0.57167817 | Z5: 0.32163435 | AA5: 0.41704443 | AB5: 8.6334041e-05 | AC5: 0.72950912
A6: 65536 | B6: 3 | C6: 64 | D6: 0.8 | E6: 10 | F6: 2047 | G6: 6825.3333 | H6: 32.015633 | I6: 345786300 | J6: 1.0853174e+09 | K6: 3.1386939 | L6: 1.40806 | M6: 5.4992622 | N6: 0.21324693 | O6: 10.305993 | P6: 17.601191 | Q6: 0.0048080756 | R6: 0.77721269 | S6: 0.68251499 | T6: 0.21603044 | U6: 0.0019487952 | V6: =R6-S6 -> 0.094697698 | W6: =Y6-Z6 -> 0.29939086 | X6: 0.015787456 | Y6: 0.6055762 | Z6: 0.30618534 | AA6: 0.37850394 | AB6: 0.00013240367 | AC6: 0.62503107
A7: 65536 | B7: 3 | C7: 64 | D7: 0.95 | E7: 10 | F7: 2047 | G7: 2049.3333 | H7: 32.015633 | I7: 3.0051907e+08 | J7: 7.9890707e+08 | K7: 2.6584239 | L7: 0.85952265 | M7: 4.950433 | N7: 0.21571938 | O7: 19.340742 | P7: 14.343863 | Q7: 0.0024801532 | R7: 0.91237084 | S7: 0.80037828 | T7: 0.082783766 | U7: 0.0023652409 | V7: =R7-S7 -> 0.11199256 | W7: =Y7-Z7 -> 0.56882836 | X7: 0.018043776 | Y7: 0.82760698 | Z7: 0.25877862 | AA7: 0.15415731 | AB7: 0.00019192887 | AC7: 0.18626874
A8: 65536 | B8: 4 | C8: 125 | D8: 0.2 | E8: 10 | F8: 2047 | G8: 322156 | H8: 32.015633 | I8: 7.5784344e+09 | J8: 4.5013865e+10 | K8: 5.9397315 | L8: 5.406002 | M8: 6.7340236 | N8: 0.20870648 | O8: 2.3166085 | P8: 13.090286 | Q8: 0.0074633621 | R8: 0.62103816 | S8: 0.613921 | T8: 0.37140664 | U8: 9.1843948e-05 | V8: =R8-S8 -> 0.0071171517 | W8: =Y8-Z8 -> 0.017257244 | X8: 0.0029108535 | Y8: 0.57601283 | Z8: 0.55875559 | AA8: 0.42107309 | AB8: 3.2271538e-06 | AC8: 0.73101337
A9: 65536 | B9: 4 | C9: 125 | D9: 0.35 | E9: 10 | F9: 2047 | G9: 86525.333 | H9: 32.015633 | I9: 3301471000 | J9: 1.6211402e+10 | K9: 4.9103571 | L9: 4.9721556 | M9: 6.7547007 | N9: 0.21829048 | O9: 1.2841495 | P9: 16.395847 | Q9: 0.0049803254 | R9: 0.76625377 | S9: 0.62913489 | T9: 0.22855305 | U9: 0.00021285461 | V9: =R9-S9 -> 0.13711888 | W9: =Y9-Z9 -> 0.047237119 | X9: 0.0013024475 | Y9: 0.68428989 | Z9: 0.63705277 | AA9: 0.3143982 | AB9: 9.4624761e-06 | AC9: 0.45945178
A10: 65536 | B10: 4 | C10: 125 | D10: 0.5 | E10: 10 | F10: 2047 | G10: 33692 | H10: 32.015633 | I10: 1754591125 | J10: 7107518850 | K10: 4.050812 | L10: 3.9511138 | M10: 6.7319451 | N10: 0.2124495 | O10: 3.7154314 | P10: 13.921046 | Q10: 0.0034661922 | R10: 0.82809429 | S10: 0.62754404 | T10: 0.16805153 | U10: 0.00038798213 | V10: =R10-S10 -> 0.20055026 | W10: =Y10-Z10 -> 0.10542075 | X10: 0.0031792142 | Y10: 0.71751972 | Z10: 0.61209897 | AA10: 0.27928072 | AB10: 2.034817e-05 | AC10: 0.38923072
A11: 65536 | B11: 4 | C11: 125 | D11: 0.65 | E11: 10 | F11: 2047 | G11: 11972 | H11: 32.015633 | I11: 8.3684193e+08 | J11: 3728202800 | K11: 4.455086 | L11: 3.0146366 | M11: 6.7265992 | N11: 0.19880542 | O11: 9.1630927 | P11: 15.802338 | Q11: 0.00335842 | R11: 0.86984914 | S11: 0.80439086 | T11: 0.12592549 | U11: 0.00086694986 | V11: =R11-S11 -> 0.06545828 | W11: =Y11-Z11 -> 0.25861312 | X11: 0.0069075016 | Y11: 0.80292273 | Z11: 0.54430961 | AA11: 0.19013108 | AB11: 3.8687094e-05 | AC11: 0.23679873
A12: 65536 | B12: 4 | C12: 125 | D12: 0.8 | E12: 10 | F12: 2047 | G12: 6705.3333 | H12: 32.015633 | I12: 680044100 | J12: 2.4755987e+09 | K12: 3.6403502 | L12: 2.150968 | M12: 6.2106879 | N12: 0.22077863 | O12: 13.821224 | P12: 15.954 | Q12: 0.0022951453 | R12: 0.90261102 | S12: 0.82134742 | T12: 0.094014834 | U12: 0.0010789987 | V12: =R12-S12 -> 0.081263602 | W12: =Y12-Z12 -> 0.3455166 | X12: 0.0087139192 | Y12: 0.83082487 | Z12: 0.48530827 | AA12: 0.16039577 | AB12: 6.5438717e-05 | AC12: 0.19305606
A13: 65536 | B13: 4 | C13: 125 | D13: 0.95 | E13: 10 | F13: 2047 | G13: 2052 | H13: 32.015633 | I13: 5.5375593e+08 | J13: 1.6449164e+09 | K13: 2.9704719 | L13: 1.5619457 | M13: 6.0013575 | N13: 0.21230482 | O13: 30.827992 | P13: 1.7991684 | Q13: 0.0014124153 | R13: 0.95845119 | S13: 0.85655504 | T13: 0.038844911 | U13: 0.0012914835 | V13: =R13-S13 -> 0.10189615 | W13: =Y13-Z13 -> 0.45637232 | X13: 0.014658252 | Y13: 0.90676959 | Z13: 0.45039727 | AA13: 0.078479853 | AB13: 9.2304588e-05 | AC13: 0.086548837
... A151: 1048576 | B151: 7 | C151: 512 | D151: 0.95 | E151: 11 | F151: 4095 | G151: 8192 | H151: 256.06252 | I151: 2.5370596e+10 | J151: 7.342687e+10 | K151: 2.894172 | L151: 0.63208185 | M151: 8.0911394 | N151: 0.46325289 | O151: 502.89796 | P151: 12.715327 | Q151: 5.6925478e-05 | R151: 0.82488007 | S151: 0.74700557 | T151: 0.17474284 | U151: 0.00032015934 | V151: =R151-S151 -> 0.077874501 | W151: =Y151-Z151 -> 0.33838991 | X151: 0.0098915015 | Y151: 0.50153456 | Z151: 0.16314464 | AA151: 0.48852269 | AB151: 5.1245999e-05 | AC151: 0.97405589

Sheet n,eta,X
A1: n | B1: eta | C1: max_level | D1: num_clus | E1: min_nei | F1: t | G1: gpu_time | H1: cpu_time | I1: X total | J1: X M2L | K1: X P2P | L1: X update | M1: X collect | N1: share GPU collect | O1: share GPU FF | P1: share GPU M2l | Q1: share GPU NF | R1: share GPU update | S1: share CPU collect | T1: share CPU FF | U1: share CPU M2L | V1: share CPU NF | W1: share CPU update | X1: ratio sahre NF/FF | Y1: X P2P ^ 10
A2: 3 | B2: 0.2 | C2: =AVERAGEIFS('X numbers only'!E$2:E$151,'X numbers only'!$B$2:$B$151,'n,eta,X'!$A2,'X numbers only'!$D$2:$D$151,'n,eta,X'!$B2) -> 12 | D2: =AVERAGEIFS('X numbers only'!F$2:F$151,'X numbers only'!$B$2:$B$151,'n,eta,X'!$A2,'X numbers only'!$D$2:$D$151,'n,eta,X'!$B2) -> 12696.6 | E2: =AVERAGEIFS('X numbers only'!G$2:G$151,'X numbers only'!$B$2:$B$151,'n,eta,X'!$A2,'X numbers only'!$D$2:$D$151,'n,eta,X'!$B2) -> 3378972.8 | F2: =AVERAGEIFS('X numbers only'!H$2:H$151,'X numbers only'!$B$2:$B$151,'n,eta,X'!$A2,'X numbers only'!$D$2:$D$151,'n,eta,X'!$B2) -> 32.006057 | G2: =AVERAGEIFS('X numbers only'!I$2:I$151,'X numbers only'!$B$2:$B$151,'n,eta,X'!$A2,'X numbers only'!$D$2:$D$151,'n,eta,X'!$B2) -> 4.6179348e+10 | H2: =AVERAGEIFS('X numbers only'!J$2:J$151,'X numbers only'!$B$2:$B$151,'n,eta,X'!$A2,'X numbers only'!$D$2:$D$151,'n,eta,X'!$B2) -> 2.8811317e+11 | I2: =AVERAGEIFS('X numbers only'!K$2:K$151,'X numbers only'!$B$2:$B$151,'n,eta,X'!$A2,'X numbers only'!$D$2:$D$151,'n,eta,X'!$B2) -> 6.1917558 | J2: =AVERAGEIFS('X numbers only'!L$2:L$151,'X numbers only'!$B$2:$B$151,'n,eta,X'!$A2,'X numbers only'!$D$2:$D$151,'n,eta,X'!$B2) -> 4.9106999 | ... M2: =AVERAGEIFS('X numbers only'!O$2:O$151,'X numbers only'!$B$2:$B$151,'n,eta,X'!$A2,'X numbers only'!$D$2:$D$151,'n,eta,X'!$B2) -> 0.32964136 | N2: =AVERAGEIFS('X numbers only'!Q$2:Q$151,'X numbers only'!$B$2:$B$151,'n,eta,X'!$A2,'X numbers only'!$D$2:$D$151,'n,eta,X'!$B2) -> 0.013739133 | O2: =AVERAGEIFS('X numbers only'!R$2:R$151,'X numbers only'!$B$2:$B$151,'n,eta,X'!$A2,'X numbers only'!$D$2:$D$151,'n,eta,X'!$B2) -> 0.35684248 | P2: =AVERAGEIFS('X numbers only'!S$2:S$151,'X numbers only'!$B$2:$B$151,'n,eta,X'!$A2,'X numbers only'!$D$2:$D$151,'n,eta,X'!$B2) -> 0.33610952 | Q2: =AVERAGEIFS('X numbers only'!T$2:T$151,'X numbers only'!$B$2:$B$151,'n,eta,X'!$A2,'X numbers only'!$D$2:$D$151,'n,eta,X'!$B2) -> 0.62931116 | R2: =AVERAGEIFS('X numbers only'!U$2:U$151,'X numbers only'!$B$2:$B$151,'n,eta,X'!$A2,'X numbers only'!$D$2:$D$151,'n,eta,X'!$B2) -> 0.00010722671 | S2: =AVERAGEIFS('X numbers only'!X$2:X$151,'X numbers only'!$B$2:$B$151,'n,eta,X'!$A2,'X numbers only'!$D$2:$D$151,'n,eta,X'!$B2) -> 0.00071753943 | T2: =AVERAGEIFS('X numbers only'!Y$2:Y$151,'X numbers only'!$B$2:$B$151,'n,eta,X'!$A2,'X numbers only'!$D$2:$D$151,'n,eta,X'!$B2) -> 0.27958745 | U2: =AVERAGEIFS('X numbers only'!Z$2:Z$151,'X numbers only'!$B$2:$B$151,'n,eta,X'!$A2,'X numbers only'!$D$2:$D$151,'n,eta,X'!$B2) -> 0.26844537 | V2: =AVERAGEIFS('X numbers only'!AA$2:AA$151,'X numbers only'!$B$2:$B$151,'n,eta,X'!$A2,'X numbers only'!$D$2:$D$151,'n,eta,X'!$B2) -> 0.71968981 | W2: =AVERAGEIFS('X numbers only'!AB$2:AB$151,'X numbers only'!$B$2:$B$151,'n,eta,X'!$A2,'X numbers only'!$D$2:$D$151,'n,eta,X'!$B2) -> 5.199624e-06 | X2: =AVERAGEIFS('X numbers only'!AC$2:AC$151,'X numbers only'!$B$2:$B$151,'n,eta,X'!$A2,'X numbers only'!$D$2:$D$151,'n,eta,X'!$B2) -> 2.6941786 | Y2: =POWER(K2,10) -> 3.1923243e+08
A3: 3 | B3: 0.35 | C3: =AVERAGEIFS('X numbers only'!E$2:E$151,'X numbers only'!$B$2:$B$151,'n,eta,X'!$A3,'X numbers only'!$D$2:$D$151,'n,eta,X'!$B3) -> 12 | D3: =AVERAGEIFS('X numbers only'!F$2:F$151,'X numbers only'!$B$2:$B$151,'n,eta,X'!$A3,'X numbers only'!$D$2:$D$151,'n,eta,X'!$B3) -> 12696.6 | E3: =AVERAGEIFS('X numbers only'!G$2:G$151,'X numbers only'!$B$2:$B$151,'n,eta,X'!$A3,'X numbers only'!$D$2:$D$151,'n,eta,X'!$B3) -> 707640.53 | F3: =AVERAGEIFS('X numbers only'!H$2:H$151,'X numbers only'!$B$2:$B$151,'n,eta,X'!$A3,'X numbers only'!$D$2:$D$151,'n,eta,X'!$B3) -> 32.006057 | G3: =AVERAGEIFS('X numbers only'!I$2:I$151,'X numbers only'!$B$2:$B$151,'n,eta,X'!$A3,'X numbers only'!$D$2:$D$151,'n,eta,X'!$B3) -> 11440580180 | H3: =AVERAGEIFS('X numbers only'!J$2:J$151,'X numbers only'!$B$2:$B$151,'n,eta,X'!$A3,'X numbers only'!$D$2:$D$151,'n,eta,X'!$B3) -> 6.7441129e+10 | I3: =AVERAGEIFS('X numbers only'!K$2:K$151,'X numbers only'!$B$2:$B$151,'n,eta,X'!$A3,'X numbers only'!$D$2:$D$151,'n,eta,X'!$B3) -> 5.4781988 | J3: =AVERAGEIFS('X numbers only'!L$2:L$151,'X numbers only'!$B$2:$B$151,'n,eta,X'!$A3,'X numbers only'!$D$2:$D$151,'n,eta,X'!$B3) -> 4.4704023 | ... M3: =AVERAGEIFS('X numbers only'!O$2:O$151,'X numbers only'!$B$2:$B$151,'n,eta,X'!$A3,'X numbers only'!$D$2:$D$151,'n,eta,X'!$B3) -> 1.2361096 | N3: =AVERAGEIFS('X numbers only'!Q$2:Q$151,'X numbers only'!$B$2:$B$151,'n,eta,X'!$A3,'X numbers only'!$D$2:$D$151,'n,eta,X'!$B3) -> 0.012702924 | O3: =AVERAGEIFS('X numbers only'!R$2:R$151,'X numbers only'!$B$2:$B$151,'n,eta,X'!$A3,'X numbers only'!$D$2:$D$151,'n,eta,X'!$B3) -> 0.49727195 | P3: =AVERAGEIFS('X numbers only'!S$2:S$151,'X numbers only'!$B$2:$B$151,'n,eta,X'!$A3,'X numbers only'!$D$2:$D$151,'n,eta,X'!$B3) -> 0.39594591 | Q3: =AVERAGEIFS('X numbers only'!T$2:T$151,'X numbers only'!$B$2:$B$151,'n,eta,X'!$A3,'X numbers only'!$D$2:$D$151,'n,eta,X'!$B3) -> 0.48968102 | R3: =AVERAGEIFS('X numbers only'!U$2:U$151,'X numbers only'!$B$2:$B$151,'n,eta,X'!$A3,'X numbers only'!$D$2:$D$151,'n,eta,X'!$B3) -> 0.00034409818 | S3: =AVERAGEIFS('X numbers only'!X$2:X$151,'X numbers only'!$B$2:$B$151,'n,eta,X'!$A3,'X numbers only'!$D$2:$D$151,'n,eta,X'!$B3) -> 0.002720374 | T3: =AVERAGEIFS('X numbers only'!Y$2:Y$151,'X numbers only'!$B$2:$B$151,'n,eta,X'!$A3,'X numbers only'!$D$2:$D$151,'n,eta,X'!$B3) -> 0.3597267 | U3: =AVERAGEIFS('X numbers only'!Z$2:Z$151,'X numbers only'!$B$2:$B$151,'n,eta,X'!$A3,'X numbers only'!$D$2:$D$151,'n,eta,X'!$B3) -> 0.32410191 | V3: =AVERAGEIFS('X numbers only'!AA$2:AA$151,'X numbers only'!$B$2:$B$151,'n,eta,X'!$A3,'X numbers only'!$D$2:$D$151,'n,eta,X'!$B3) -> 0.6375319 | W3: =AVERAGEIFS('X numbers only'!AB$2:AB$151,'X numbers only'!$B$2:$B$151,'n,eta,X'!$A3,'X numbers only'!$D$2:$D$151,'n,eta,X'!$B3) -> 2.1024626e-05 | X3: =AVERAGEIFS('X numbers only'!AC$2:AC$151,'X numbers only'!$B$2:$B$151,'n,eta,X'!$A3,'X numbers only'!$D$2:$D$151,'n,eta,X'!$B3) -> 1.7974063 | Y3: =POWER(K3,10) -> 3.3881086e+08
A4: 3 | B4: 0.5 | C4: =AVERAGEIFS('X numbers only'!E$2:E$151,'X numbers only'!$B$2:$B$151,'n,eta,X'!$A4,'X numbers only'!$D$2:$D$151,'n,eta,X'!$B4) -> 12 | D4: =AVERAGEIFS('X numbers only'!F$2:F$151,'X numbers only'!$B$2:$B$151,'n,eta,X'!$A4,'X numbers only'!$D$2:$D$151,'n,eta,X'!$B4) -> 12696.6 | E4: =AVERAGEIFS('X numbers only'!G$2:G$151,'X numbers only'!$B$2:$B$151,'n,eta,X'!$A4,'X numbers only'!$D$2:$D$151,'n,eta,X'!$B4) -> 262527.8 | F4: =AVERAGEIFS('X numbers only'!H$2:H$151,'X numbers only'!$B$2:$B$151,'n,eta,X'!$A4,'X numbers only'!$D$2:$D$151,'n,eta,X'!$B4) -> 32.006057 | G4: =AVERAGEIFS('X numbers only'!I$2:I$151,'X numbers only'!$B$2:$B$151,'n,eta,X'!$A4,'X numbers only'!$D$2:$D$151,'n,eta,X'!$B4) -> 4922119660 | H4: =AVERAGEIFS('X numbers only'!J$2:J$151,'X numbers only'!$B$2:$B$151,'n,eta,X'!$A4,'X numbers only'!$D$2:$D$151,'n,eta,X'!$B4) -> 26999148685 | I4: =AVERAGEIFS('X numbers only'!K$2:K$151,'X numbers only'!$B$2:$B$151,'n,eta,X'!$A4,'X numbers only'!$D$2:$D$151,'n,eta,X'!$B4) -> 5.1511404 | J4: =AVERAGEIFS('X numbers only'!L$2:L$151,'X numbers only'!$B$2:$B$151,'n,eta,X'!$A4,'X numbers only'!$D$2:$D$151,'n,eta,X'!$B4) -> 3.7219962 | ... M4: =AVERAGEIFS('X numbers only'!O$2:O$151,'X numbers only'!$B$2:$B$151,'n,eta,X'!$A4,'X numbers only'!$D$2:$D$151,'n,eta,X'!$B4) -> 2.3139806 | N4: =AVERAGEIFS('X numbers only'!Q$2:Q$151,'X numbers only'!$B$2:$B$151,'n,eta,X'!$A4,'X numbers only'!$D$2:$D$151,'n,eta,X'!$B4) -> 0.014924812 | O4: =AVERAGEIFS('X numbers only'!R$2:R$151,'X numbers only'!$B$2:$B$151,'n,eta,X'!$A4,'X numbers only'!$D$2:$D$151,'n,eta,X'!$B4) -> 0.56224654 | P4: =AVERAGEIFS('X numbers only'!S$2:S$151,'X numbers only'!$B$2:$B$151,'n,eta,X'!$A4,'X numbers only'!$D$2:$D$151,'n,eta,X'!$B4) -> 0.44940796 | Q4: =AVERAGEIFS('X numbers only'!T$2:T$151,'X numbers only'!$B$2:$B$151,'n,eta,X'!$A4,'X numbers only'!$D$2:$D$151,'n,eta,X'!$B4) -> 0.42209715 | R4: =AVERAGEIFS('X numbers only'!U$2:U$151,'X numbers only'!$B$2:$B$151,'n,eta,X'!$A4,'X numbers only'!$D$2:$D$151,'n,eta,X'!$B4) -> 0.00073149127 | S4: =AVERAGEIFS('X numbers only'!X$2:X$151,'X numbers only'!$B$2:$B$151,'n,eta,X'!$A4,'X numbers only'!$D$2:$D$151,'n,eta,X'!$B4) -> 0.0057429111 | T4: =AVERAGEIFS('X numbers only'!Y$2:Y$151,'X numbers only'!$B$2:$B$151,'n,eta,X'!$A4,'X numbers only'!$D$2:$D$151,'n,eta,X'!$B4) -> 0.41509689 | U4: =AVERAGEIFS('X numbers only'!Z$2:Z$151,'X numbers only'!$B$2:$B$151,'n,eta,X'!$A4,'X numbers only'!$D$2:$D$151,'n,eta,X'!$B4) -> 0.31912875 | V4: =AVERAGEIFS('X numbers only'!AA$2:AA$151,'X numbers only'!$B$2:$B$151,'n,eta,X'!$A4,'X numbers only'!$D$2:$D$151,'n,eta,X'!$B4) -> 0.57911072 | W4: =AVERAGEIFS('X numbers only'!AB$2:AB$151,'X numbers only'!$B$2:$B$151,'n,eta,X'!$A4,'X numbers only'!$D$2:$D$151,'n,eta,X'!$B4) -> 4.9478567e-05 | X4: =AVERAGEIFS('X numbers only'!AC$2:AC$151,'X numbers only'!$B$2:$B$151,'n,eta,X'!$A4,'X numbers only'!$D$2:$D$151,'n,eta,X'!$B4) -> 1.4026423 | Y4: =POWER(K4,10) -> 3.10425e+08
A5: 3 | B5: 0.65 | C5: =AVERAGEIFS('X numbers only'!E$2:E$151,'X numbers only'!$B$2:$B$151,'n,eta,X'!$A5,'X numbers only'!$D$2:$D$151,'n,eta,X'!$B5) -> 12 | D5: =AVERAGEIFS('X numbers only'!F$2:F$151,'X numbers only'!$B$2:$B$151,'n,eta,X'!$A5,'X numbers only'!$D$2:$D$151,'n,eta,X'!$B5) -> 12696.6 | E5: =AVERAGEIFS('X numbers only'!G$2:G$151,'X numbers only'!$B$2:$B$151,'n,eta,X'!$A5,'X numbers only'!$D$2:$D$151,'n,eta,X'!$B5) -> 92370.133 | F5: =AVERAGEIFS('X numbers only'!H$2:H$151,'X numbers only'!$B$2:$B$151,'n,eta,X'!$A5,'X numbers only'!$D$2:$D$151,'n,eta,X'!$B5) -> 32.006057 | G5: =AVERAGEIFS('X numbers only'!I$2:I$151,'X numbers only'!$B$2:$B$151,'n,eta,X'!$A5,'X numbers only'!$D$2:$D$151,'n,eta,X'!$B5) -> 2426358580 | H5: =AVERAGEIFS('X numbers only'!J$2:J$151,'X numbers only'!$B$2:$B$151,'n,eta,X'!$A5,'X numbers only'!$D$2:$D$151,'n,eta,X'!$B5) -> 1.1413395e+10 | I5: =AVERAGEIFS('X numbers only'!K$2:K$151,'X numbers only'!$B$2:$B$151,'n,eta,X'!$A5,'X numbers only'!$D$2:$D$151,'n,eta,X'!$B5) -> 4.31533 | J5: =AVERAGEIFS('X numbers only'!L$2:L$151,'X numbers only'!$B$2:$B$151,'n,eta,X'!$A5,'X numbers only'!$D$2:$D$151,'n,eta,X'!$B5) -> 2.5151292 | ... M5: =AVERAGEIFS('X numbers only'!O$2:O$151,'X numbers only'!$B$2:$B$151,'n,eta,X'!$A5,'X numbers only'!$D$2:$D$151,'n,eta,X'!$B5) -> 9.8723547 | N5: =AVERAGEIFS('X numbers only'!Q$2:Q$151,'X numbers only'!$B$2:$B$151,'n,eta,X'!$A5,'X numbers only'!$D$2:$D$151,'n,eta,X'!$B5) -> 0.0071405812 | O5: =AVERAGEIFS('X numbers only'!R$2:R$151,'X numbers only'!$B$2:$B$151,'n,eta,X'!$A5,'X numbers only'!$D$2:$D$151,'n,eta,X'!$B5) -> 0.68612875 | P5: =AVERAGEIFS('X numbers only'!S$2:S$151,'X numbers only'!$B$2:$B$151,'n,eta,X'!$A5,'X numbers only'!$D$2:$D$151,'n,eta,X'!$B5) -> 0.52091073 | Q5: =AVERAGEIFS('X numbers only'!T$2:T$151,'X numbers only'!$B$2:$B$151,'n,eta,X'!$A5,'X numbers only'!$D$2:$D$151,'n,eta,X'!$B5) -> 0.30534671 | R5: =AVERAGEIFS('X numbers only'!U$2:U$151,'X numbers only'!$B$2:$B$151,'n,eta,X'!$A5,'X numbers only'!$D$2:$D$151,'n,eta,X'!$B5) -> 0.001383961 | S5: =AVERAGEIFS('X numbers only'!X$2:X$151,'X numbers only'!$B$2:$B$151,'n,eta,X'!$A5,'X numbers only'!$D$2:$D$151,'n,eta,X'!$B5) -> 0.01679652 | T5: =AVERAGEIFS('X numbers only'!Y$2:Y$151,'X numbers only'!$B$2:$B$151,'n,eta,X'!$A5,'X numbers only'!$D$2:$D$151,'n,eta,X'!$B5) -> 0.50331225 | U5: =AVERAGEIFS('X numbers only'!Z$2:Z$151,'X numbers only'!$B$2:$B$151,'n,eta,X'!$A5,'X numbers only'!$D$2:$D$151,'n,eta,X'!$B5) -> 0.29243679 | V5: =AVERAGEIFS('X numbers only'!AA$2:AA$151,'X numbers only'!$B$2:$B$151,'n,eta,X'!$A5,'X numbers only'!$D$2:$D$151,'n,eta,X'!$B5) -> 0.47977616 | W5: =AVERAGEIFS('X numbers only'!AB$2:AB$151,'X numbers only'!$B$2:$B$151,'n,eta,X'!$A5,'X numbers only'!$D$2:$D$151,'n,eta,X'!$B5) -> 0.00011507004 | X5: =AVERAGEIFS('X numbers only'!AC$2:AC$151,'X numbers only'!$B$2:$B$151,'n,eta,X'!$A5,'X numbers only'!$D$2:$D$151,'n,eta,X'!$B5) -> 0.96967418 | Y5: =POWER(K5,10) -> 2.0148139e+08
A6: 3 | B6: 0.8 | C6: =AVERAGEIFS('X numbers only'!E$2:E$151,'X numbers only'!$B$2:$B$151,'n,eta,X'!$A6,'X numbers only'!$D$2:$D$151,'n,eta,X'!$B6) -> 12 | D6: =AVERAGEIFS('X numbers only'!F$2:F$151,'X numbers only'!$B$2:$B$151,'n,eta,X'!$A6,'X numbers only'!$D$2:$D$151,'n,eta,X'!$B6) -> 12696.6 | E6: =AVERAGEIFS('X numbers only'!G$2:G$151,'X numbers only'!$B$2:$B$151,'n,eta,X'!$A6,'X numbers only'!$D$2:$D$151,'n,eta,X'!$B6) -> 44914.133 | F6: =AVERAGEIFS('X numbers only'!H$2:H$151,'X numbers only'!$B$2:$B$151,'n,eta,X'!$A6,'X numbers only'!$D$2:$D$151,'n,eta,X'!$B6) -> 32.006057 | G6: =AVERAGEIFS('X numbers only'!I$2:I$151,'X numbers only'!$B$2:$B$151,'n,eta,X'!$A6,'X numbers only'!$D$2:$D$151,'n,eta,X'!$B6) -> 1.6876793e+09 | H6: =AVERAGEIFS('X numbers only'!J$2:J$151,'X numbers only'!$B$2:$B$151,'n,eta,X'!$A6,'X numbers only'!$D$2:$D$151,'n,eta,X'!$B6) -> 7077281860 | I6: =AVERAGEIFS('X numbers only'!K$2:K$151,'X numbers only'!$B$2:$B$151,'n,eta,X'!$A6,'X numbers only'!$D$2:$D$151,'n,eta,X'!$B6) -> 4.031053 | J6: =AVERAGEIFS('X numbers only'!L$2:L$151,'X numbers only'!$B$2:$B$151,'n,eta,X'!$A6,'X numbers only'!$D$2:$D$151,'n,eta,X'!$B6) -> 1.9139056 | ... M6: =AVERAGEIFS('X numbers only'!O$2:O$151,'X numbers only'!$B$2:$B$151,'n,eta,X'!$A6,'X numbers only'!$D$2:$D$151,'n,eta,X'!$B6) -> 10.079147 | N6: =AVERAGEIFS('X numbers only'!Q$2:Q$151,'X numbers only'!$B$2:$B$151,'n,eta,X'!$A6,'X numbers only'!$D$2:$D$151,'n,eta,X'!$B6) -> 0.0089284053 | O6: =AVERAGEIFS('X numbers only'!R$2:R$151,'X numbers only'!$B$2:$B$151,'n,eta,X'!$A6,'X numbers only'!$D$2:$D$151,'n,eta,X'!$B6) -> 0.75365486 | P6: =AVERAGEIFS('X numbers only'!S$2:S$151,'X numbers only'!$B$2:$B$151,'n,eta,X'!$A6,'X numbers only'!$D$2:$D$151,'n,eta,X'!$B6) -> 0.56561594 | Q6: =AVERAGEIFS('X numbers only'!T$2:T$151,'X numbers only'!$B$2:$B$151,'n,eta,X'!$A6,'X numbers only'!$D$2:$D$151,'n,eta,X'!$B6) -> 0.23544377 | R6: =AVERAGEIFS('X numbers only'!U$2:U$151,'X numbers only'!$B$2:$B$151,'n,eta,X'!$A6,'X numbers only'!$D$2:$D$151,'n,eta,X'!$B6) -> 0.0019729638 | S6: =AVERAGEIFS('X numbers only'!X$2:X$151,'X numbers only'!$B$2:$B$151,'n,eta,X'!$A6,'X numbers only'!$D$2:$D$151,'n,eta,X'!$B6) -> 0.020272011 | T6: =AVERAGEIFS('X numbers only'!Y$2:Y$151,'X numbers only'!$B$2:$B$151,'n,eta,X'!$A6,'X numbers only'!$D$2:$D$151,'n,eta,X'!$B6) -> 0.60010252 | U6: =AVERAGEIFS('X numbers only'!Z$2:Z$151,'X numbers only'!$B$2:$B$151,'n,eta,X'!$A6,'X numbers only'!$D$2:$D$151,'n,eta,X'!$B6) -> 0.26379672 | V6: =AVERAGEIFS('X numbers only'!AA$2:AA$151,'X numbers only'!$B$2:$B$151,'n,eta,X'!$A6,'X numbers only'!$D$2:$D$151,'n,eta,X'!$B6) -> 0.3794509 | W6: =AVERAGEIFS('X numbers only'!AB$2:AB$151,'X numbers only'!$B$2:$B$151,'n,eta,X'!$A6,'X numbers only'!$D$2:$D$151,'n,eta,X'!$B6) -> 0.00017456928 | X6: =AVERAGEIFS('X numbers only'!AC$2:AC$151,'X numbers only'!$B$2:$B$151,'n,eta,X'!$A6,'X numbers only'!$D$2:$D$151,'n,eta,X'!$B6) -> 0.63407096 | Y6: =POWER(K6,10) -> 1.3504319e+08
A7: 3 | B7: 0.95 | C7: =AVERAGEIFS('X numbers only'!E$2:E$151,'X numbers only'!$B$2:$B$151,'n,eta,X'!$A7,'X numbers only'!$D$2:$D$151,'n,eta,X'!$B7) -> 12 | D7: =AVERAGEIFS('X numbers only'!F$2:F$151,'X numbers only'!$B$2:$B$151,'n,eta,X'!$A7,'X numbers only'!$D$2:$D$151,'n,eta,X'!$B7) -> 12696.6 | E7: =AVERAGEIFS('X numbers only'!G$2:G$151,'X numbers only'!$B$2:$B$151,'n,eta,X'!$A7,'X numbers only'!$D$2:$D$151,'n,eta,X'!$B7) -> 23329.6 | F7: =AVERAGEIFS('X numbers only'!H$2:H$151,'X numbers only'!$B$2:$B$151,'n,eta,X'!$A7,'X numbers only'!$D$2:$D$151,'n,eta,X'!$B7) -> 32.006057 | G7: =AVERAGEIFS('X numbers only'!I$2:I$151,'X numbers only'!$B$2:$B$151,'n,eta,X'!$A7,'X numbers only'!$D$2:$D$151,'n,eta,X'!$B7) -> 1192268900 | H7: =AVERAGEIFS('X numbers only'!J$2:J$151,'X numbers only'!$B$2:$B$151,'n,eta,X'!$A7,'X numbers only'!$D$2:$D$151,'n,eta,X'!$B7) -> 4768215280 | I7: =AVERAGEIFS('X numbers only'!K$2:K$151,'X numbers only'!$B$2:$B$151,'n,eta,X'!$A7,'X numbers only'!$D$2:$D$151,'n,eta,X'!$B7) -> 3.6422304 | J7: =AVERAGEIFS('X numbers only'!L$2:L$151,'X numbers only'!$B$2:$B$151,'n,eta,X'!$A7,'X numbers only'!$D$2:$D$151,'n,eta,X'!$B7) -> 1.0237418 | ... M7: =AVERAGEIFS('X numbers only'!O$2:O$151,'X numbers only'!$B$2:$B$151,'n,eta,X'!$A7,'X numbers only'!$D$2:$D$151,'n,eta,X'!$B7) -> 35.05561 | N7: =AVERAGEIFS('X numbers only'!Q$2:Q$151,'X numbers only'!$B$2:$B$151,'n,eta,X'!$A7,'X numbers only'!$D$2:$D$151,'n,eta,X'!$B7) -> 0.0036167994 | O7: =AVERAGEIFS('X numbers only'!R$2:R$151,'X numbers only'!$B$2:$B$151,'n,eta,X'!$A7,'X numbers only'!$D$2:$D$151,'n,eta,X'!$B7) -> 0.8232108 | P7: =AVERAGEIFS('X numbers only'!S$2:S$151,'X numbers only'!$B$2:$B$151,'n,eta,X'!$A7,'X numbers only'!$D$2:$D$151,'n,eta,X'!$B7) -> 0.63147141 | Q7: =AVERAGEIFS('X numbers only'!T$2:T$151,'X numbers only'!$B$2:$B$151,'n,eta,X'!$A7,'X numbers only'!$D$2:$D$151,'n,eta,X'!$B7) -> 0.17051678 | R7: =AVERAGEIFS('X numbers only'!U$2:U$151,'X numbers only'!$B$2:$B$151,'n,eta,X'!$A7,'X numbers only'!$D$2:$D$151,'n,eta,X'!$B7) -> 0.0026556283 | S7: =AVERAGEIFS('X numbers only'!X$2:X$151,'X numbers only'!$B$2:$B$151,'n,eta,X'!$A7,'X numbers only'!$D$2:$D$151,'n,eta,X'!$B7) -> 0.033303291 | T7: =AVERAGEIFS('X numbers only'!Y$2:Y$151,'X numbers only'!$B$2:$B$151,'n,eta,X'!$A7,'X numbers only'!$D$2:$D$151,'n,eta,X'!$B7) -> 0.68101526 | U7: =AVERAGEIFS('X numbers only'!Z$2:Z$151,'X numbers only'!$B$2:$B$151,'n,eta,X'!$A7,'X numbers only'!$D$2:$D$151,'n,eta,X'!$B7) -> 0.18147536 | V7: =AVERAGEIFS('X numbers only'!AA$2:AA$151,'X numbers only'!$B$2:$B$151,'n,eta,X'!$A7,'X numbers only'!$D$2:$D$151,'n,eta,X'!$B7) -> 0.28541366 | W7: =AVERAGEIFS('X numbers only'!AB$2:AB$151,'X numbers only'!$B$2:$B$151,'n,eta,X'!$A7,'X numbers only'!$D$2:$D$151,'n,eta,X'!$B7) -> 0.00026778413 | X7: =AVERAGEIFS('X numbers only'!AC$2:AC$151,'X numbers only'!$B$2:$B$151,'n,eta,X'!$A7,'X numbers only'!$D$2:$D$151,'n,eta,X'!$B7) -> 0.45153966 | Y7: =POWER(K7,10) -> 73935105
A8: 4 | B8: 0.2 | C8: =AVERAGEIFS('X numbers only'!E$2:E$151,'X numbers only'!$B$2:$B$151,'n,eta,X'!$A8,'X numbers only'!$D$2:$D$151,'n,eta,X'!$B8) -> 12 | D8: =AVERAGEIFS('X numbers only'!F$2:F$151,'X numbers only'!$B$2:$B$151,'n,eta,X'!$A8,'X numbers only'!$D$2:$D$151,'n,eta,X'!$B8) -> 12696.6 | E8: =AVERAGEIFS('X numbers only'!G$2:G$151,'X numbers only'!$B$2:$B$151,'n,eta,X'!$A8,'X numbers only'!$D$2:$D$151,'n,eta,X'!$B8) -> 3379773.6 | F8: =AVERAGEIFS('X numbers only'!H$2:H$151,'X numbers only'!$B$2:$B$151,'n,eta,X'!$A8,'X numbers only'!$D$2:$D$151,'n,eta,X'!$B8) -> 32.006057 | G8: =AVERAGEIFS('X numbers only'!I$2:I$151,'X numbers only'!$B$2:$B$151,'n,eta,X'!$A8,'X numbers only'!$D$2:$D$151,'n,eta,X'!$B8) -> 84760770160 | H8: =AVERAGEIFS('X numbers only'!J$2:J$151,'X numbers only'!$B$2:$B$151,'n,eta,X'!$A8,'X numbers only'!$D$2:$D$151,'n,eta,X'!$B8) -> 513842964280 | I8: =AVERAGEIFS('X numbers only'!K$2:K$151,'X numbers only'!$B$2:$B$151,'n,eta,X'!$A8,'X numbers only'!$D$2:$D$151,'n,eta,X'!$B8) -> 6.0315199 | J8: =AVERAGEIFS('X numbers only'!L$2:L$151,'X numbers only'!$B$2:$B$151,'n,eta,X'!$A8,'X numbers only'!$D$2:$D$151,'n,eta,X'!$B8) -> 5.5778462 | ... M8: =AVERAGEIFS('X numbers only'!O$2:O$151,'X numbers only'!$B$2:$B$151,'n,eta,X'!$A8,'X numbers only'!$D$2:$D$151,'n,eta,X'!$B8) -> 0.94986456 | N8: =AVERAGEIFS('X numbers only'!Q$2:Q$151,'X numbers only'!$B$2:$B$151,'n,eta,X'!$A8,'X numbers only'!$D$2:$D$151,'n,eta,X'!$B8) -> 0.0077793038 | O8: =AVERAGEIFS('X numbers only'!R$2:R$151,'X numbers only'!$B$2:$B$151,'n,eta,X'!$A8,'X numbers only'!$D$2:$D$151,'n,eta,X'!$B8) -> 0.61875466 | P8: =AVERAGEIFS('X numbers only'!S$2:S$151,'X numbers only'!$B$2:$B$151,'n,eta,X'!$A8,'X numbers only'!$D$2:$D$151,'n,eta,X'!$B8) -> 0.61080674 | Q8: =AVERAGEIFS('X numbers only'!T$2:T$151,'X numbers only'!$B$2:$B$151,'n,eta,X'!$A8,'X numbers only'!$D$2:$D$151,'n,eta,X'!$B8) -> 0.37339914 | R8: =AVERAGEIFS('X numbers only'!U$2:U$151,'X numbers only'!$B$2:$B$151,'n,eta,X'!$A8,'X numbers only'!$D$2:$D$151,'n,eta,X'!$B8) -> 6.6892299e-05 | S8: =AVERAGEIFS('X numbers only'!X$2:X$151,'X numbers only'!$B$2:$B$151,'n,eta,X'!$A8,'X numbers only'!$D$2:$D$151,'n,eta,X'!$B8) -> 0.0012008971 | T8: =AVERAGEIFS('X numbers only'!Y$2:Y$151,'X numbers only'!$B$2:$B$151,'n,eta,X'!$A8,'X numbers only'!$D$2:$D$151,'n,eta,X'!$B8) -> 0.57856445 | U8: =AVERAGEIFS('X numbers only'!Z$2:Z$151,'X numbers only'!$B$2:$B$151,'n,eta,X'!$A8,'X numbers only'!$D$2:$D$151,'n,eta,X'!$B8) -> 0.56564238 | V8: =AVERAGEIFS('X numbers only'!AA$2:AA$151,'X numbers only'!$B$2:$B$151,'n,eta,X'!$A8,'X numbers only'!$D$2:$D$151,'n,eta,X'!$B8) -> 0.42023158 | W8: =AVERAGEIFS('X numbers only'!AB$2:AB$151,'X numbers only'!$B$2:$B$151,'n,eta,X'!$A8,'X numbers only'!$D$2:$D$151,'n,eta,X'!$B8) -> 3.0713811e-06 | X8: =AVERAGEIFS('X numbers only'!AC$2:AC$151,'X numbers only'!$B$2:$B$151,'n,eta,X'!$A8,'X numbers only'!$D$2:$D$151,'n,eta,X'!$B8) -> 0.74606919 | Y8: =POWER(K8,10) -> 2.0974318e+08
A9: 4 | B9: 0.35 | C9: =AVERAGEIFS('X numbers only'!E$2:E$151,'X numbers only'!$B$2:$B$151,'n,eta,X'!$A9,'X numbers only'!$D$2:$D$151,'n,eta,X'!$B9) -> 12 | D9: =AVERAGEIFS('X numbers only'!F$2:F$151,'X numbers only'!$B$2:$B$151,'n,eta,X'!$A9,'X numbers only'!$D$2:$D$151,'n,eta,X'!$B9) -> 12696.6 | E9: =AVERAGEIFS('X numbers only'!G$2:G$151,'X numbers only'!$B$2:$B$151,'n,eta,X'!$A9,'X numbers only'!$D$2:$D$151,'n,eta,X'!$B9) -> 708367.2 | F9: =AVERAGEIFS('X numbers only'!H$2:H$151,'X numbers only'!$B$2:$B$151,'n,eta,X'!$A9,'X numbers only'!$D$2:$D$151,'n,eta,X'!$B9) -> 32.006057 | G9: =AVERAGEIFS('X numbers only'!I$2:I$151,'X numbers only'!$B$2:$B$151,'n,eta,X'!$A9,'X numbers only'!$D$2:$D$151,'n,eta,X'!$B9) -> 2.2555902e+10 | H9: =AVERAGEIFS('X numbers only'!J$2:J$151,'X numbers only'!$B$2:$B$151,'n,eta,X'!$A9,'X numbers only'!$D$2:$D$151,'n,eta,X'!$B9) -> 1.3093487e+11 | I9: =AVERAGEIFS('X numbers only'!K$2:K$151,'X numbers only'!$B$2:$B$151,'n,eta,X'!$A9,'X numbers only'!$D$2:$D$151,'n,eta,X'!$B9) -> 5.5551412 | J9: =AVERAGEIFS('X numbers only'!L$2:L$151,'X numbers only'!$B$2:$B$151,'n,eta,X'!$A9,'X numbers only'!$D$2:$D$151,'n,eta,X'!$B9) -> 5.2257519 | ... M9: =AVERAGEIFS('X numbers only'!O$2:O$151,'X numbers only'!$B$2:$B$151,'n,eta,X'!$A9,'X numbers only'!$D$2:$D$151,'n,eta,X'!$B9) -> 1.2993065 | N9: =AVERAGEIFS('X numbers only'!Q$2:Q$151,'X numbers only'!$B$2:$B$151,'n,eta,X'!$A9,'X numbers only'!$D$2:$D$151,'n,eta,X'!$B9) -> 0.0064009884 | O9: =AVERAGEIFS('X numbers only'!R$2:R$151,'X numbers only'!$B$2:$B$151,'n,eta,X'!$A9,'X numbers only'!$D$2:$D$151,'n,eta,X'!$B9) -> 0.7232808 | P9: =AVERAGEIFS('X numbers only'!S$2:S$151,'X numbers only'!$B$2:$B$151,'n,eta,X'!$A9,'X numbers only'!$D$2:$D$151,'n,eta,X'!$B9) -> 0.660605 | Q9: =AVERAGEIFS('X numbers only'!T$2:T$151,'X numbers only'!$B$2:$B$151,'n,eta,X'!$A9,'X numbers only'!$D$2:$D$151,'n,eta,X'!$B9) -> 0.2701482 | R9: =AVERAGEIFS('X numbers only'!U$2:U$151,'X numbers only'!$B$2:$B$151,'n,eta,X'!$A9,'X numbers only'!$D$2:$D$151,'n,eta,X'!$B9) -> 0.00017001783 | S9: =AVERAGEIFS('X numbers only'!X$2:X$151,'X numbers only'!$B$2:$B$151,'n,eta,X'!$A9,'X numbers only'!$D$2:$D$151,'n,eta,X'!$B9) -> 0.0014700237 | T9: =AVERAGEIFS('X numbers only'!Y$2:Y$151,'X numbers only'!$B$2:$B$151,'n,eta,X'!$A9,'X numbers only'!$D$2:$D$151,'n,eta,X'!$B9) -> 0.66571812 | U9: =AVERAGEIFS('X numbers only'!Z$2:Z$151,'X numbers only'!$B$2:$B$151,'n,eta,X'!$A9,'X numbers only'!$D$2:$D$151,'n,eta,X'!$B9) -> 0.6223559 | V9: =AVERAGEIFS('X numbers only'!AA$2:AA$151,'X numbers only'!$B$2:$B$151,'n,eta,X'!$A9,'X numbers only'!$D$2:$D$151,'n,eta,X'!$B9) -> 0.33280135 | W9: =AVERAGEIFS('X numbers only'!AB$2:AB$151,'X numbers only'!$B$2:$B$151,'n,eta,X'!$A9,'X numbers only'!$D$2:$D$151,'n,eta,X'!$B9) -> 1.0502763e-05 | X9: =AVERAGEIFS('X numbers only'!AC$2:AC$151,'X numbers only'!$B$2:$B$151,'n,eta,X'!$A9,'X numbers only'!$D$2:$D$151,'n,eta,X'!$B9) -> 0.50400808 | Y9: =POWER(K9,10) -> 2.2510524e+08
A10: 4 | B10: 0.5 | C10: =AVERAGEIFS('X numbers only'!E$2:E$151,'X numbers only'!$B$2:$B$151,'n,eta,X'!$A10,'X numbers only'!$D$2:$D$151,'n,eta,X'!$B10) -> 12 | D10: =AVERAGEIFS('X numbers only'!F$2:F$151,'X numbers only'!$B$2:$B$151,'n,eta,X'!$A10,'X numbers only'!$D$2:$D$151,'n,eta,X'!$B10) -> 12696.6 | E10: =AVERAGEIFS('X numbers only'!G$2:G$151,'X numbers only'!$B$2:$B$151,'n,eta,X'!$A10,'X numbers only'!$D$2:$D$151,'n,eta,X'!$B10) -> 262612.2 | F10: =AVERAGEIFS('X numbers only'!H$2:H$151,'X numbers only'!$B$2:$B$151,'n,eta,X'!$A10,'X numbers only'!$D$2:$D$151,'n,eta,X'!$B10) -> 32.006057 | G10: =AVERAGEIFS('X numbers only'!I$2:I$151,'X numbers only'!$B$2:$B$151,'n,eta,X'!$A10,'X numbers only'!$D$2:$D$151,'n,eta,X'!$B10) -> 9786988675 | H10: =AVERAGEIFS('X numbers only'!J$2:J$151,'X numbers only'!$B$2:$B$151,'n,eta,X'!$A10,'X numbers only'!$D$2:$D$151,'n,eta,X'!$B10) -> 53170505185 | I10: =AVERAGEIFS('X numbers only'!K$2:K$151,'X numbers only'!$B$2:$B$151,'n,eta,X'!$A10,'X numbers only'!$D$2:$D$151,'n,eta,X'!$B10) -> 5.0652312 | J10: =AVERAGEIFS('X numbers only'!L$2:L$151,'X numbers only'!$B$2:$B$151,'n,eta,X'!$A10,'X numbers only'!$D$2:$D$151,'n,eta,X'!$B10) -> 4.5303279 | ... M10: =AVERAGEIFS('X numbers only'!O$2:O$151,'X numbers only'!$B$2:$B$151,'n,eta,X'!$A10,'X numbers only'!$D$2:$D$151,'n,eta,X'!$B10) -> 3.4797018 | N10: =AVERAGEIFS('X numbers only'!Q$2:Q$151,'X numbers only'!$B$2:$B$151,'n,eta,X'!$A10,'X numbers only'!$D$2:$D$151,'n,eta,X'!$B10) -> 0.0051955259 | O10: =AVERAGEIFS('X numbers only'!R$2:R$151,'X numbers only'!$B$2:$B$151,'n,eta,X'!$A10,'X numbers only'!$D$2:$D$151,'n,eta,X'!$B10) -> 0.77590844 | P10: =AVERAGEIFS('X numbers only'!S$2:S$151,'X numbers only'!$B$2:$B$151,'n,eta,X'!$A10,'X numbers only'!$D$2:$D$151,'n,eta,X'!$B10) -> 0.6701307 | Q10: =AVERAGEIFS('X numbers only'!T$2:T$151,'X numbers only'!$B$2:$B$151,'n,eta,X'!$A10,'X numbers only'!$D$2:$D$151,'n,eta,X'!$B10) -> 0.21852911 | R10: =AVERAGEIFS('X numbers only'!U$2:U$151,'X numbers only'!$B$2:$B$151,'n,eta,X'!$A10,'X numbers only'!$D$2:$D$151,'n,eta,X'!$B10) -> 0.00036692464 | S10: =AVERAGEIFS('X numbers only'!X$2:X$151,'X numbers only'!$B$2:$B$151,'n,eta,X'!$A10,'X numbers only'!$D$2:$D$151,'n,eta,X'!$B10) -> 0.0034750087 | T10: =AVERAGEIFS('X numbers only'!Y$2:Y$151,'X numbers only'!$B$2:$B$151,'n,eta,X'!$A10,'X numbers only'!$D$2:$D$151,'n,eta,X'!$B10) -> 0.70074077 | U10: =AVERAGEIFS('X numbers only'!Z$2:Z$151,'X numbers only'!$B$2:$B$151,'n,eta,X'!$A10,'X numbers only'!$D$2:$D$151,'n,eta,X'!$B10) -> 0.60125253 | V10: =AVERAGEIFS('X numbers only'!AA$2:AA$151,'X numbers only'!$B$2:$B$151,'n,eta,X'!$A10,'X numbers only'!$D$2:$D$151,'n,eta,X'!$B10) -> 0.29575974 | W10: =AVERAGEIFS('X numbers only'!AB$2:AB$151,'X numbers only'!$B$2:$B$151,'n,eta,X'!$A10,'X numbers only'!$D$2:$D$151,'n,eta,X'!$B10) -> 2.4473366e-05 | X10: =AVERAGEIFS('X numbers only'!AC$2:AC$151,'X numbers only'!$B$2:$B$151,'n,eta,X'!$A10,'X numbers only'!$D$2:$D$151,'n,eta,X'!$B10) -> 0.42355016 | Y10: =POWER(K10,10) -> 2.2797436e+08
A11: 4 | B11: 0.65 | C11: =AVERAGEIFS('X numbers only'!E$2:E$151,'X numbers only'!$B$2:$B$151,'n,eta,X'!$A11,'X numbers only'!$D$2:$D$151,'n,eta,X'!$B11) -> 12 | D11: =AVERAGEIFS('X numbers only'!F$2:F$151,'X numbers only'!$B$2:$B$151,'n,eta,X'!$A11,'X numbers only'!$D$2:$D$151,'n,eta,X'!$B11) -> 12696.6 | E11: =AVERAGEIFS('X numbers only'!G$2:G$151,'X numbers only'!$B$2:$B$151,'n,eta,X'!$A11,'X numbers only'!$D$2:$D$151,'n,eta,X'!$B11) -> 92516.533 | F11: =AVERAGEIFS('X numbers only'!H$2:H$151,'X numbers only'!$B$2:$B$151,'n,eta,X'!$A11,'X numbers only'!$D$2:$D$151,'n,eta,X'!$B11) -> 32.006057 | G11: =AVERAGEIFS('X numbers only'!I$2:I$151,'X numbers only'!$B$2:$B$151,'n,eta,X'!$A11,'X numbers only'!$D$2:$D$151,'n,eta,X'!$B11) -> 4.8762584e+09 | H11: =AVERAGEIFS('X numbers only'!J$2:J$151,'X numbers only'!$B$2:$B$151,'n,eta,X'!$A11,'X numbers only'!$D$2:$D$151,'n,eta,X'!$B11) -> 2.3153749e+10 | I11: =AVERAGEIFS('X numbers only'!K$2:K$151,'X numbers only'!$B$2:$B$151,'n,eta,X'!$A11,'X numbers only'!$D$2:$D$151,'n,eta,X'!$B11) -> 4.4475813 | J11: =AVERAGEIFS('X numbers only'!L$2:L$151,'X numbers only'!$B$2:$B$151,'n,eta,X'!$A11,'X numbers only'!$D$2:$D$151,'n,eta,X'!$B11) -> 3.4751355 | ... M11: =AVERAGEIFS('X numbers only'!O$2:O$151,'X numbers only'!$B$2:$B$151,'n,eta,X'!$A11,'X numbers only'!$D$2:$D$151,'n,eta,X'!$B11) -> 9.9420399 | N11: =AVERAGEIFS('X numbers only'!Q$2:Q$151,'X numbers only'!$B$2:$B$151,'n,eta,X'!$A11,'X numbers only'!$D$2:$D$151,'n,eta,X'!$B11) -> 0.0037241501 | O11: =AVERAGEIFS('X numbers only'!R$2:R$151,'X numbers only'!$B$2:$B$151,'n,eta,X'!$A11,'X numbers only'!$D$2:$D$151,'n,eta,X'!$B11) -> 0.84377163 | P11: =AVERAGEIFS('X numbers only'!S$2:S$151,'X numbers only'!$B$2:$B$151,'n,eta,X'!$A11,'X numbers only'!$D$2:$D$151,'n,eta,X'!$B11) -> 0.67803207 | Q11: =AVERAGEIFS('X numbers only'!T$2:T$151,'X numbers only'!$B$2:$B$151,'n,eta,X'!$A11,'X numbers only'!$D$2:$D$151,'n,eta,X'!$B11) -> 0.15181599 | R11: =AVERAGEIFS('X numbers only'!U$2:U$151,'X numbers only'!$B$2:$B$151,'n,eta,X'!$A11,'X numbers only'!$D$2:$D$151,'n,eta,X'!$B11) -> 0.00068823215 | S11: =AVERAGEIFS('X numbers only'!X$2:X$151,'X numbers only'!$B$2:$B$151,'n,eta,X'!$A11,'X numbers only'!$D$2:$D$151,'n,eta,X'!$B11) -> 0.0082729823 | T11: =AVERAGEIFS('X numbers only'!Y$2:Y$151,'X numbers only'!$B$2:$B$151,'n,eta,X'!$A11,'X numbers only'!$D$2:$D$151,'n,eta,X'!$B11) -> 0.756224 | U11: =AVERAGEIFS('X numbers only'!Z$2:Z$151,'X numbers only'!$B$2:$B$151,'n,eta,X'!$A11,'X numbers only'!$D$2:$D$151,'n,eta,X'!$B11) -> 0.5277583 | V11: =AVERAGEIFS('X numbers only'!AA$2:AA$151,'X numbers only'!$B$2:$B$151,'n,eta,X'!$A11,'X numbers only'!$D$2:$D$151,'n,eta,X'!$B11) -> 0.23544749 | W11: =AVERAGEIFS('X numbers only'!AB$2:AB$151,'X numbers only'!$B$2:$B$151,'n,eta,X'!$A11,'X numbers only'!$D$2:$D$151,'n,eta,X'!$B11) -> 5.5523517e-05 | X11: =AVERAGEIFS('X numbers only'!AC$2:AC$151,'X numbers only'!$B$2:$B$151,'n,eta,X'!$A11,'X numbers only'!$D$2:$D$151,'n,eta,X'!$B11) -> 0.31405432 | Y11: =POWER(K11,10) -> 2.3102295e+08
A12: 4 | B12: 0.8 | C12: =AVERAGEIFS('X numbers only'!E$2:E$151,'X numbers only'!$B$2:$B$151,'n,eta,X'!$A12,'X numbers only'!$D$2:$D$151,'n,eta,X'!$B12) -> 12 | D12: =AVERAGEIFS('X numbers only'!F$2:F$151,'X numbers only'!$B$2:$B$151,'n,eta,X'!$A12,'X numbers only'!$D$2:$D$151,'n,eta,X'!$B12) -> 12696.6 | E12: =AVERAGEIFS('X numbers only'!G$2:G$151,'X numbers only'!$B$2:$B$151,'n,eta,X'!$A12,'X numbers only'!$D$2:$D$151,'n,eta,X'!$B12) -> 44981.6 | F12: =AVERAGEIFS('X numbers only'!H$2:H$151,'X numbers only'!$B$2:$B$151,'n,eta,X'!$A12,'X numbers only'!$D$2:$D$151,'n,eta,X'!$B12) -> 32.006057 | G12: =AVERAGEIFS('X numbers only'!I$2:I$151,'X numbers only'!$B$2:$B$151,'n,eta,X'!$A12,'X numbers only'!$D$2:$D$151,'n,eta,X'!$B12) -> 3.4648754e+09 | H12: =AVERAGEIFS('X numbers only'!J$2:J$151,'X numbers only'!$B$2:$B$151,'n,eta,X'!$A12,'X numbers only'!$D$2:$D$151,'n,eta,X'!$B12) -> 1.4931994e+10 | I12: =AVERAGEIFS('X numbers only'!K$2:K$151,'X numbers only'!$B$2:$B$151,'n,eta,X'!$A12,'X numbers only'!$D$2:$D$151,'n,eta,X'!$B12) -> 4.0550994 | J12: =AVERAGEIFS('X numbers only'!L$2:L$151,'X numbers only'!$B$2:$B$151,'n,eta,X'!$A12,'X numbers only'!$D$2:$D$151,'n,eta,X'!$B12) -> 2.6223991 | ... M12: =AVERAGEIFS('X numbers only'!O$2:O$151,'X numbers only'!$B$2:$B$151,'n,eta,X'!$A12,'X numbers only'!$D$2:$D$151,'n,eta,X'!$B12) -> 23.8431 | N12: =AVERAGEIFS('X numbers only'!Q$2:Q$151,'X numbers only'!$B$2:$B$151,'n,eta,X'!$A12,'X numbers only'!$D$2:$D$151,'n,eta,X'!$B12) -> 0.0026069222 | O12: =AVERAGEIFS('X numbers only'!R$2:R$151,'X numbers only'!$B$2:$B$151,'n,eta,X'!$A12,'X numbers only'!$D$2:$D$151,'n,eta,X'!$B12) -> 0.88649985 | P12: =AVERAGEIFS('X numbers only'!S$2:S$151,'X numbers only'!$B$2:$B$151,'n,eta,X'!$A12,'X numbers only'!$D$2:$D$151,'n,eta,X'!$B12) -> 0.72327202 | Q12: =AVERAGEIFS('X numbers only'!T$2:T$151,'X numbers only'!$B$2:$B$151,'n,eta,X'!$A12,'X numbers only'!$D$2:$D$151,'n,eta,X'!$B12) -> 0.10989016 | R12: =AVERAGEIFS('X numbers only'!U$2:U$151,'X numbers only'!$B$2:$B$151,'n,eta,X'!$A12,'X numbers only'!$D$2:$D$151,'n,eta,X'!$B12) -> 0.0010030604 | S12: =AVERAGEIFS('X numbers only'!X$2:X$151,'X numbers only'!$B$2:$B$151,'n,eta,X'!$A12,'X numbers only'!$D$2:$D$151,'n,eta,X'!$B12) -> 0.015396435 | T12: =AVERAGEIFS('X numbers only'!Y$2:Y$151,'X numbers only'!$B$2:$B$151,'n,eta,X'!$A12,'X numbers only'!$D$2:$D$151,'n,eta,X'!$B12) -> 0.80356247 | U12: =AVERAGEIFS('X numbers only'!Z$2:Z$151,'X numbers only'!$B$2:$B$151,'n,eta,X'!$A12,'X numbers only'!$D$2:$D$151,'n,eta,X'!$B12) -> 0.46333296 | V12: =AVERAGEIFS('X numbers only'!AA$2:AA$151,'X numbers only'!$B$2:$B$151,'n,eta,X'!$A12,'X numbers only'!$D$2:$D$151,'n,eta,X'!$B12) -> 0.18095448 | W12: =AVERAGEIFS('X numbers only'!AB$2:AB$151,'X numbers only'!$B$2:$B$151,'n,eta,X'!$A12,'X numbers only'!$D$2:$D$151,'n,eta,X'!$B12) -> 8.6623552e-05 | X12: =AVERAGEIFS('X numbers only'!AC$2:AC$151,'X numbers only'!$B$2:$B$151,'n,eta,X'!$A12,'X numbers only'!$D$2:$D$151,'n,eta,X'!$B12) -> 0.22563387 | Y12: =POWER(K12,10) -> 1.6900912e+08
A13: 4 | B13: 0.95 | C13: =AVERAGEIFS('X numbers only'!E$2:E$151,'X numbers only'!$B$2:$B$151,'n,eta,X'!$A13,'X numbers only'!$D$2:$D$151,'n,eta,X'!$B13) -> 12 | D13: =AVERAGEIFS('X numbers only'!F$2:F$151,'X numbers only'!$B$2:$B$151,'n,eta,X'!$A13,'X numbers only'!$D$2:$D$151,'n,eta,X'!$B13) -> 12696.6 | E13: =AVERAGEIFS('X numbers only'!G$2:G$151,'X numbers only'!$B$2:$B$151,'n,eta,X'!$A13,'X numbers only'!$D$2:$D$151,'n,eta,X'!$B13) -> 23332.267 | F13: =AVERAGEIFS('X numbers only'!H$2:H$151,'X numbers only'!$B$2:$B$151,'n,eta,X'!$A13,'X numbers only'!$D$2:$D$151,'n,eta,X'!$B13) -> 32.006057 | G13: =AVERAGEIFS('X numbers only'!I$2:I$151,'X numbers only'!$B$2:$B$151,'n,eta,X'!$A13,'X numbers only'!$D$2:$D$151,'n,eta,X'!$B13) -> 2.4575104e+09 | H13: =AVERAGEIFS('X numbers only'!J$2:J$151,'X numbers only'!$B$2:$B$151,'n,eta,X'!$A13,'X numbers only'!$D$2:$D$151,'n,eta,X'!$B13) -> 9.5356316e+09 | I13: =AVERAGEIFS('X numbers only'!K$2:K$151,'X numbers only'!$B$2:$B$151,'n,eta,X'!$A13,'X numbers only'!$D$2:$D$151,'n,eta,X'!$B13) -> 3.7285976 | J13: =AVERAGEIFS('X numbers only'!L$2:L$151,'X numbers only'!$B$2:$B$151,'n,eta,X'!$A13,'X numbers only'!$D$2:$D$151,'n,eta,X'!$B13) -> 1.5428089 | ... M13: =AVERAGEIFS('X numbers only'!O$2:O$151,'X numbers only'!$B$2:$B$151,'n,eta,X'!$A13,'X numbers only'!$D$2:$D$151,'n,eta,X'!$B13) -> 43.977766 | N13: =AVERAGEIFS('X numbers only'!Q$2:Q$151,'X numbers only'!$B$2:$B$151,'n,eta,X'!$A13,'X numbers only'!$D$2:$D$151,'n,eta,X'!$B13) -> 0.0017152825 | O13: =AVERAGEIFS('X numbers only'!R$2:R$151,'X numbers only'!$B$2:$B$151,'n,eta,X'!$A13,'X numbers only'!$D$2:$D$151,'n,eta,X'!$B13) -> 0.91374597 | P13: =AVERAGEIFS('X numbers only'!S$2:S$151,'X numbers only'!$B$2:$B$151,'n,eta,X'!$A13,'X numbers only'!$D$2:$D$151,'n,eta,X'!$B13) -> 0.74626805 | Q13: =AVERAGEIFS('X numbers only'!T$2:T$151,'X numbers only'!$B$2:$B$151,'n,eta,X'!$A13,'X numbers only'!$D$2:$D$151,'n,eta,X'!$B13) -> 0.083161379 | R13: =AVERAGEIFS('X numbers only'!U$2:U$151,'X numbers only'!$B$2:$B$151,'n,eta,X'!$A13,'X numbers only'!$D$2:$D$151,'n,eta,X'!$B13) -> 0.0013773679 | S13: =AVERAGEIFS('X numbers only'!X$2:X$151,'X numbers only'!$B$2:$B$151,'n,eta,X'!$A13,'X numbers only'!$D$2:$D$151,'n,eta,X'!$B13) -> 0.019747926 | T13: =AVERAGEIFS('X numbers only'!Y$2:Y$151,'X numbers only'!$B$2:$B$151,'n,eta,X'!$A13,'X numbers only'!$D$2:$D$151,'n,eta,X'!$B13) -> 0.83484957 | U13: =AVERAGEIFS('X numbers only'!Z$2:Z$151,'X numbers only'!$B$2:$B$151,'n,eta,X'!$A13,'X numbers only'!$D$2:$D$151,'n,eta,X'!$B13) -> 0.31674631 | V13: =AVERAGEIFS('X numbers only'!AA$2:AA$151,'X numbers only'!$B$2:$B$151,'n,eta,X'!$A13,'X numbers only'!$D$2:$D$151,'n,eta,X'!$B13) -> 0.14527306 | W13: =AVERAGEIFS('X numbers only'!AB$2:AB$151,'X numbers only'!$B$2:$B$151,'n,eta,X'!$A13,'X numbers only'!$D$2:$D$151,'n,eta,X'!$B13) -> 0.00012944156 | X13: =AVERAGEIFS('X numbers only'!AC$2:AC$151,'X numbers only'!$B$2:$B$151,'n,eta,X'!$A13,'X numbers only'!$D$2:$D$151,'n,eta,X'!$B13) -> 0.1805365 | Y13: =POWER(K13,10) -> 1.5665672e+08
... A16: 5 | B16: 0.5 | C16: =AVERAGEIFS('X numbers only'!E$2:E$151,'X numbers only'!$B$2:$B$151,'n,eta,X'!$A16,'X numbers only'!$D$2:$D$151,'n,eta,X'!$B16) -> 11 | D16: =AVERAGEIFS('X numbers only'!F$2:F$151,'X numbers only'!$B$2:$B$151,'n,eta,X'!$A16,'X numbers only'!$D$2:$D$151,'n,eta,X'!$B16) -> 6347.8 | E16: =AVERAGEIFS('X numbers only'!G$2:G$151,'X numbers only'!$B$2:$B$151,'n,eta,X'!$A16,'X numbers only'!$D$2:$D$151,'n,eta,X'!$B16) -> 125672.8 | F16: =AVERAGEIFS('X numbers only'!H$2:H$151,'X numbers only'!$B$2:$B$151,'n,eta,X'!$A16,'X numbers only'!$D$2:$D$151,'n,eta,X'!$B16) -> 64.024235 | G16: =AVERAGEIFS('X numbers only'!I$2:I$151,'X numbers only'!$B$2:$B$151,'n,eta,X'!$A16,'X numbers only'!$D$2:$D$151,'n,eta,X'!$B16) -> 17108482140 | H16: =AVERAGEIFS('X numbers only'!J$2:J$151,'X numbers only'!$B$2:$B$151,'n,eta,X'!$A16,'X numbers only'!$D$2:$D$151,'n,eta,X'!$B16) -> 84151081455 | I16: =AVERAGEIFS('X numbers only'!K$2:K$151,'X numbers only'!$B$2:$B$151,'n,eta,X'!$A16,'X numbers only'!$D$2:$D$151,'n,eta,X'!$B16) -> 4.7337122 | J16: =AVERAGEIFS('X numbers only'!L$2:L$151,'X numbers only'!$B$2:$B$151,'n,eta,X'!$A16,'X numbers only'!$D$2:$D$151,'n,eta,X'!$B16) -> 3.6605319 | ... M16: =AVERAGEIFS('X numbers only'!O$2:O$151,'X numbers only'!$B$2:$B$151,'n,eta,X'!$A16,'X numbers only'!$D$2:$D$151,'n,eta,X'!$B16) -> 8.0731587 | N16: =AVERAGEIFS('X numbers only'!Q$2:Q$151,'X numbers only'!$B$2:$B$151,'n,eta,X'!$A16,'X numbers only'!$D$2:$D$151,'n,eta,X'!$B16) -> 0.0013731419 | O16: =AVERAGEIFS('X numbers only'!R$2:R$151,'X numbers only'!$B$2:$B$151,'n,eta,X'!$A16,'X numbers only'!$D$2:$D$151,'n,eta,X'!$B16) -> 0.74758751 | P16: =AVERAGEIFS('X numbers only'!S$2:S$151,'X numbers only'!$B$2:$B$151,'n,eta,X'!$A16,'X numbers only'!$D$2:$D$151,'n,eta,X'!$B16) -> 0.67364427 | Q16: =AVERAGEIFS('X numbers only'!T$2:T$151,'X numbers only'!$B$2:$B$151,'n,eta,X'!$A16,'X numbers only'!$D$2:$D$151,'n,eta,X'!$B16) -> 0.25080817 | R16: =AVERAGEIFS('X numbers only'!U$2:U$151,'X numbers only'!$B$2:$B$151,'n,eta,X'!$A16,'X numbers only'!$D$2:$D$151,'n,eta,X'!$B16) -> 0.00023118373 | S16: =AVERAGEIFS('X numbers only'!X$2:X$151,'X numbers only'!$B$2:$B$151,'n,eta,X'!$A16,'X numbers only'!$D$2:$D$151,'n,eta,X'!$B16) -> 0.0023526205 | T16: =AVERAGEIFS('X numbers only'!Y$2:Y$151,'X numbers only'!$B$2:$B$151,'n,eta,X'!$A16,'X numbers only'!$D$2:$D$151,'n,eta,X'!$B16) -> 0.60929666 | U16: =AVERAGEIFS('X numbers only'!Z$2:Z$151,'X numbers only'!$B$2:$B$151,'n,eta,X'!$A16,'X numbers only'!$D$2:$D$151,'n,eta,X'!$B16) -> 0.52151133 | V16: =AVERAGEIFS('X numbers only'!AA$2:AA$151,'X numbers only'!$B$2:$B$151,'n,eta,X'!$A16,'X numbers only'!$D$2:$D$151,'n,eta,X'!$B16) -> 0.38833413 | W16: =AVERAGEIFS('X numbers only'!AB$2:AB$151,'X numbers only'!$B$2:$B$151,'n,eta,X'!$A16,'X numbers only'!$D$2:$D$151,'n,eta,X'!$B16) -> 1.6586394e-05 | X16: =AVERAGEIFS('X numbers only'!AC$2:AC$151,'X numbers only'!$B$2:$B$151,'n,eta,X'!$A16,'X numbers only'!$D$2:$D$151,'n,eta,X'!$B16) -> 0.64189292 | Y16: =POWER(K16,10) -> 4.3903718e+08
A17: 5 | B17: 0.65 | C17: =AVERAGEIFS('X numbers only'!E$2:E$151,'X numbers only'!$B$2:$B$151,'n,eta,X'!$A17,'X numbers only'!$D$2:$D$151,'n,eta,X'!$B17) -> 11 | D17: =AVERAGEIFS('X numbers only'!F$2:F$151,'X numbers only'!$B$2:$B$151,'n,eta,X'!$A17,'X numbers only'!$D$2:$D$151,'n,eta,X'!$B17) -> 6347.8 | E17: =AVERAGEIFS('X numbers only'!G$2:G$151,'X numbers only'!$B$2:$B$151,'n,eta,X'!$A17,'X numbers only'!$D$2:$D$151,'n,eta,X'!$B17) -> 45126.4 | F17: =AVERAGEIFS('X numbers only'!H$2:H$151,'X numbers only'!$B$2:$B$151,'n,eta,X'!$A17,'X numbers only'!$D$2:$D$151,'n,eta,X'!$B17) -> 64.024235 | G17: =AVERAGEIFS('X numbers only'!I$2:I$151,'X numbers only'!$B$2:$B$151,'n,eta,X'!$A17,'X numbers only'!$D$2:$D$151,'n,eta,X'!$B17) -> 8638596740 | H17: =AVERAGEIFS('X numbers only'!J$2:J$151,'X numbers only'!$B$2:$B$151,'n,eta,X'!$A17,'X numbers only'!$D$2:$D$151,'n,eta,X'!$B17) -> 3.6654212e+10 | I17: =AVERAGEIFS('X numbers only'!K$2:K$151,'X numbers only'!$B$2:$B$151,'n,eta,X'!$A17,'X numbers only'!$D$2:$D$151,'n,eta,X'!$B17) -> 3.9063008 | J17: =AVERAGEIFS('X numbers only'!L$2:L$151,'X numbers only'!$B$2:$B$151,'n,eta,X'!$A17,'X numbers only'!$D$2:$D$151,'n,eta,X'!$B17) -> 2.7708889 | ... M17: =AVERAGEIFS('X numbers only'!O$2:O$151,'X numbers only'!$B$2:$B$151,'n,eta,X'!$A17,'X numbers only'!$D$2:$D$151,'n,eta,X'!$B17) -> 21.025602 | N17: =AVERAGEIFS('X numbers only'!Q$2:Q$151,'X numbers only'!$B$2:$B$151,'n,eta,X'!$A17,'X numbers only'!$D$2:$D$151,'n,eta,X'!$B17) -> 0.0011141603 | O17: =AVERAGEIFS('X numbers only'!R$2:R$151,'X numbers only'!$B$2:$B$151,'n,eta,X'!$A17,'X numbers only'!$D$2:$D$151,'n,eta,X'!$B17) -> 0.82748692 | P17: =AVERAGEIFS('X numbers only'!S$2:S$151,'X numbers only'!$B$2:$B$151,'n,eta,X'!$A17,'X numbers only'!$D$2:$D$151,'n,eta,X'!$B17) -> 0.6659646 | Q17: =AVERAGEIFS('X numbers only'!T$2:T$151,'X numbers only'!$B$2:$B$151,'n,eta,X'!$A17,'X numbers only'!$D$2:$D$151,'n,eta,X'!$B17) -> 0.17101666 | R17: =AVERAGEIFS('X numbers only'!U$2:U$151,'X numbers only'!$B$2:$B$151,'n,eta,X'!$A17,'X numbers only'!$D$2:$D$151,'n,eta,X'!$B17) -> 0.00038225838 | S17: =AVERAGEIFS('X numbers only'!X$2:X$151,'X numbers only'!$B$2:$B$151,'n,eta,X'!$A17,'X numbers only'!$D$2:$D$151,'n,eta,X'!$B17) -> 0.0060869937 | T17: =AVERAGEIFS('X numbers only'!Y$2:Y$151,'X numbers only'!$B$2:$B$151,'n,eta,X'!$A17,'X numbers only'!$D$2:$D$151,'n,eta,X'!$B17) -> 0.67090776 | U17: =AVERAGEIFS('X numbers only'!Z$2:Z$151,'X numbers only'!$B$2:$B$151,'n,eta,X'!$A17,'X numbers only'!$D$2:$D$151,'n,eta,X'!$B17) -> 0.47461569 | V17: x | W17: =AVERAGEIFS('X numbers only'!AB$2:AB$151,'X numbers only'!$B$2:$B$151,'n,eta,X'!$A17,'X numbers only'!$D$2:$D$151,'n,eta,X'!$B17) -> 3.5850731e-05 | X17: =AVERAGEIFS('X numbers only'!AC$2:AC$151,'X numbers only'!$B$2:$B$151,'n,eta,X'!$A17,'X numbers only'!$D$2:$D$151,'n,eta,X'!$B17) -> 0.48926608 | Y17: =POWER(K17,10) -> 4.4440693e+08
A18: 5 | B18: 0.8 | C18: =AVERAGEIFS('X numbers only'!E$2:E$151,'X numbers only'!$B$2:$B$151,'n,eta,X'!$A18,'X numbers only'!$D$2:$D$151,'n,eta,X'!$B18) -> 11 | D18: =AVERAGEIFS('X numbers only'!F$2:F$151,'X numbers only'!$B$2:$B$151,'n,eta,X'!$A18,'X numbers only'!$D$2:$D$151,'n,eta,X'!$B18) -> 6347.8 | E18: =AVERAGEIFS('X numbers only'!G$2:G$151,'X numbers only'!$B$2:$B$151,'n,eta,X'!$A18,'X numbers only'!$D$2:$D$151,'n,eta,X'!$B18) -> 24029.067 | F18: =AVERAGEIFS('X numbers only'!H$2:H$151,'X numbers only'!$B$2:$B$151,'n,eta,X'!$A18,'X numbers only'!$D$2:$D$151,'n,eta,X'!$B18) -> 64.024235 | G18: =AVERAGEIFS('X numbers only'!I$2:I$151,'X numbers only'!$B$2:$B$151,'n,eta,X'!$A18,'X numbers only'!$D$2:$D$151,'n,eta,X'!$B18) -> 6132655000 | H18: =AVERAGEIFS('X numbers only'!J$2:J$151,'X numbers only'!$B$2:$B$151,'n,eta,X'!$A18,'X numbers only'!$D$2:$D$151,'n,eta,X'!$B18) -> 2.3071295e+10 | I18: =AVERAGEIFS('X numbers only'!K$2:K$151,'X numbers only'!$B$2:$B$151,'n,eta,X'!$A18,'X numbers only'!$D$2:$D$151,'n,eta,X'!$B18) -> 3.5124787 | J18: =AVERAGEIFS('X numbers only'!L$2:L$151,'X numbers only'!$B$2:$B$151,'n,eta,X'!$A18,'X numbers only'!$D$2:$D$151,'n,eta,X'!$B18) -> 2.1177198 | ... M18: =AVERAGEIFS('X numbers only'!O$2:O$151,'X numbers only'!$B$2:$B$151,'n,eta,X'!$A18,'X numbers only'!$D$2:$D$151,'n,eta,X'!$B18) -> 34.67899 | N18: =AVERAGEIFS('X numbers only'!Q$2:Q$151,'X numbers only'!$B$2:$B$151,'n,eta,X'!$A18,'X numbers only'!$D$2:$D$151,'n,eta,X'!$B18) -> 0.0007717614 | O18: =AVERAGEIFS('X numbers only'!R$2:R$151,'X numbers only'!$B$2:$B$151,'n,eta,X'!$A18,'X numbers only'!$D$2:$D$151,'n,eta,X'!$B18) -> 0.87147811 | P18: =AVERAGEIFS('X numbers only'!S$2:S$151,'X numbers only'!$B$2:$B$151,'n,eta,X'!$A18,'X numbers only'!$D$2:$D$151,'n,eta,X'!$B18) -> 0.72157956 | Q18: =AVERAGEIFS('X numbers only'!T$2:T$151,'X numbers only'!$B$2:$B$151,'n,eta,X'!$A18,'X numbers only'!$D$2:$D$151,'n,eta,X'!$B18) -> 0.12717183 | R18: =AVERAGEIFS('X numbers only'!U$2:U$151,'X numbers only'!$B$2:$B$151,'n,eta,X'!$A18,'X numbers only'!$D$2:$D$151,'n,eta,X'!$B18) -> 0.00057830419 | S18: =AVERAGEIFS('X numbers only'!X$2:X$151,'X numbers only'!$B$2:$B$151,'n,eta,X'!$A18,'X numbers only'!$D$2:$D$151,'n,eta,X'!$B18) -> 0.0074735597 | T18: =AVERAGEIFS('X numbers only'!Y$2:Y$151,'X numbers only'!$B$2:$B$151,'n,eta,X'!$A18,'X numbers only'!$D$2:$D$151,'n,eta,X'!$B18) -> 0.73002414 | U18: =AVERAGEIFS('X numbers only'!Z$2:Z$151,'X numbers only'!$B$2:$B$151,'n,eta,X'!$A18,'X numbers only'!$D$2:$D$151,'n,eta,X'!$B18) -> 0.43362786 | V18: =AVERAGEIFS('X numbers only'!AA$2:AA$151,'X numbers only'!$B$2:$B$151,'n,eta,X'!$A18,'X numbers only'!$D$2:$D$151,'n,eta,X'!$B18) -> 0.26244634 | W18: =AVERAGEIFS('X numbers only'!AB$2:AB$151,'X numbers only'!$B$2:$B$151,'n,eta,X'!$A18,'X numbers only'!$D$2:$D$151,'n,eta,X'!$B18) -> 5.5960908e-05 | X18: =AVERAGEIFS('X numbers only'!AC$2:AC$151,'X numbers only'!$B$2:$B$151,'n,eta,X'!$A18,'X numbers only'!$D$2:$D$151,'n,eta,X'!$B18) -> 0.36021079 | Y18: =POWER(K18,10) -> 4.0448588e+08
A19: 5 | B19: 0.95 | C19: =AVERAGEIFS('X numbers only'!E$2:E$151,'X numbers only'!$B$2:$B$151,'n,eta,X'!$A19,'X numbers only'!$D$2:$D$151,'n,eta,X'!$B19) -> 11 | D19: =AVERAGEIFS('X numbers only'!F$2:F$151,'X numbers only'!$B$2:$B$151,'n,eta,X'!$A19,'X numbers only'!$D$2:$D$151,'n,eta,X'!$B19) -> 6347.8 | E19: =AVERAGEIFS('X numbers only'!G$2:G$151,'X numbers only'!$B$2:$B$151,'n,eta,X'!$A19,'X numbers only'!$D$2:$D$151,'n,eta,X'!$B19) -> 10852.8 | F19: =AVERAGEIFS('X numbers only'!H$2:H$151,'X numbers only'!$B$2:$B$151,'n,eta,X'!$A19,'X numbers only'!$D$2:$D$151,'n,eta,X'!$B19) -> 64.024235 | G19: =AVERAGEIFS('X numbers only'!I$2:I$151,'X numbers only'!$B$2:$B$151,'n,eta,X'!$A19,'X numbers only'!$D$2:$D$151,'n,eta,X'!$B19) -> 4575559260 | H19: =AVERAGEIFS('X numbers only'!J$2:J$151,'X numbers only'!$B$2:$B$151,'n,eta,X'!$A19,'X numbers only'!$D$2:$D$151,'n,eta,X'!$B19) -> 1.4865148e+10 | I19: =AVERAGEIFS('X numbers only'!K$2:K$151,'X numbers only'!$B$2:$B$151,'n,eta,X'!$A19,'X numbers only'!$D$2:$D$151,'n,eta,X'!$B19) -> 3.0991082 | J19: =AVERAGEIFS('X numbers only'!L$2:L$151,'X numbers only'!$B$2:$B$151,'n,eta,X'!$A19,'X numbers only'!$D$2:$D$151,'n,eta,X'!$B19) -> 1.2543233 | ... M19: =AVERAGEIFS('X numbers only'!O$2:O$151,'X numbers only'!$B$2:$B$151,'n,eta,X'!$A19,'X numbers only'!$D$2:$D$151,'n,eta,X'!$B19) -> 75.538311 | N19: =AVERAGEIFS('X numbers only'!Q$2:Q$151,'X numbers only'!$B$2:$B$151,'n,eta,X'!$A19,'X numbers only'!$D$2:$D$151,'n,eta,X'!$B19) -> 0.00050663694 | O19: =AVERAGEIFS('X numbers only'!R$2:R$151,'X numbers only'!$B$2:$B$151,'n,eta,X'!$A19,'X numbers only'!$D$2:$D$151,'n,eta,X'!$B19) -> 0.90661389 | P19: =AVERAGEIFS('X numbers only'!S$2:S$151,'X numbers only'!$B$2:$B$151,'n,eta,X'!$A19,'X numbers only'!$D$2:$D$151,'n,eta,X'!$B19) -> 0.75383063 | Q19: =AVERAGEIFS('X numbers only'!T$2:T$151,'X numbers only'!$B$2:$B$151,'n,eta,X'!$A19,'X numbers only'!$D$2:$D$151,'n,eta,X'!$B19) -> 0.092133941 | R19: =AVERAGEIFS('X numbers only'!U$2:U$151,'X numbers only'!$B$2:$B$151,'n,eta,X'!$A19,'X numbers only'!$D$2:$D$151,'n,eta,X'!$B19) -> 0.00074553608 | S19: =AVERAGEIFS('X numbers only'!X$2:X$151,'X numbers only'!$B$2:$B$151,'n,eta,X'!$A19,'X numbers only'!$D$2:$D$151,'n,eta,X'!$B19) -> 0.011761688 | T19: =AVERAGEIFS('X numbers only'!Y$2:Y$151,'X numbers only'!$B$2:$B$151,'n,eta,X'!$A19,'X numbers only'!$D$2:$D$151,'n,eta,X'!$B19) -> 0.77307458 | U19: =AVERAGEIFS('X numbers only'!Z$2:Z$151,'X numbers only'!$B$2:$B$151,'n,eta,X'!$A19,'X numbers only'!$D$2:$D$151,'n,eta,X'!$B19) -> 0.30672787 | V19: =AVERAGEIFS('X numbers only'!AA$2:AA$151,'X numbers only'!$B$2:$B$151,'n,eta,X'!$A19,'X numbers only'!$D$2:$D$151,'n,eta,X'!$B19) -> 0.21507738 | W19: =AVERAGEIFS('X numbers only'!AB$2:AB$151,'X numbers only'!$B$2:$B$151,'n,eta,X'!$A19,'X numbers only'!$D$2:$D$151,'n,eta,X'!$B19) -> 8.6357109e-05 | X19: =AVERAGEIFS('X numbers only'!AC$2:AC$151,'X numbers only'!$B$2:$B$151,'n,eta,X'!$A19,'X numbers only'!$D$2:$D$151,'n,eta,X'!$B19) -> 0.29842631 | Y19: =POWER(K19,10) -> 3.1834222e+08
A20: 6 | B20: 0.2 | C20: =AVERAGEIFS('X numbers only'!E$2:E$151,'X numbers only'!$B$2:$B$151,'n,eta,X'!$A20,'X numbers only'!$D$2:$D$151,'n,eta,X'!$B20) -> 10 | D20: =AVERAGEIFS('X numbers only'!F$2:F$151,'X numbers only'!$B$2:$B$151,'n,eta,X'!$A20,'X numbers only'!$D$2:$D$151,'n,eta,X'!$B20) -> 3173.4 | E20: =AVERAGEIFS('X numbers only'!G$2:G$151,'X numbers only'!$B$2:$B$151,'n,eta,X'!$A20,'X numbers only'!$D$2:$D$151,'n,eta,X'!$B20) -> 757356.8 | F20: =AVERAGEIFS('X numbers only'!H$2:H$151,'X numbers only'!$B$2:$B$151,'n,eta,X'!$A20,'X numbers only'!$D$2:$D$151,'n,eta,X'!$B20) -> 128.09701 | G20: =AVERAGEIFS('X numbers only'!I$2:I$151,'X numbers only'!$B$2:$B$151,'n,eta,X'!$A20,'X numbers only'!$D$2:$D$151,'n,eta,X'!$B20) -> 1.7943152e+11 | H20: =AVERAGEIFS('X numbers only'!J$2:J$151,'X numbers only'!$B$2:$B$151,'n,eta,X'!$A20,'X numbers only'!$D$2:$D$151,'n,eta,X'!$B20) -> 1125910401840 | I20: =AVERAGEIFS('X numbers only'!K$2:K$151,'X numbers only'!$B$2:$B$151,'n,eta,X'!$A20,'X numbers only'!$D$2:$D$151,'n,eta,X'!$B20) -> 6.3264477 | J20: =AVERAGEIFS('X numbers only'!L$2:L$151,'X numbers only'!$B$2:$B$151,'n,eta,X'!$A20,'X numbers only'!$D$2:$D$151,'n,eta,X'!$B20) -> 3.7502227 | ... M20: =AVERAGEIFS('X numbers only'!O$2:O$151,'X numbers only'!$B$2:$B$151,'n,eta,X'!$A20,'X numbers only'!$D$2:$D$151,'n,eta,X'!$B20) -> 1.7405943 | N20: =AVERAGEIFS('X numbers only'!Q$2:Q$151,'X numbers only'!$B$2:$B$151,'n,eta,X'!$A20,'X numbers only'!$D$2:$D$151,'n,eta,X'!$B20) -> 0.00066345634 | O20: =AVERAGEIFS('X numbers only'!R$2:R$151,'X numbers only'!$B$2:$B$151,'n,eta,X'!$A20,'X numbers only'!$D$2:$D$151,'n,eta,X'!$B20) -> 0.3694125 | P20: =AVERAGEIFS('X numbers only'!S$2:S$151,'X numbers only'!$B$2:$B$151,'n,eta,X'!$A20,'X numbers only'!$D$2:$D$151,'n,eta,X'!$B20) -> 0.35957495 | Q20: =AVERAGEIFS('X numbers only'!T$2:T$151,'X numbers only'!$B$2:$B$151,'n,eta,X'!$A20,'X numbers only'!$D$2:$D$151,'n,eta,X'!$B20) -> 0.62988216 | R20: =AVERAGEIFS('X numbers only'!U$2:U$151,'X numbers only'!$B$2:$B$151,'n,eta,X'!$A20,'X numbers only'!$D$2:$D$151,'n,eta,X'!$B20) -> 4.1885662e-05 | S20: =AVERAGEIFS('X numbers only'!X$2:X$151,'X numbers only'!$B$2:$B$151,'n,eta,X'!$A20,'X numbers only'!$D$2:$D$151,'n,eta,X'!$B20) -> 0.0001808956 | T20: =AVERAGEIFS('X numbers only'!Y$2:Y$151,'X numbers only'!$B$2:$B$151,'n,eta,X'!$A20,'X numbers only'!$D$2:$D$151,'n,eta,X'!$B20) -> 0.2403306 | U20: =AVERAGEIFS('X numbers only'!Z$2:Z$151,'X numbers only'!$B$2:$B$151,'n,eta,X'!$A20,'X numbers only'!$D$2:$D$151,'n,eta,X'!$B20) -> 0.22824401 | V20: =AVERAGEIFS('X numbers only'!AA$2:AA$151,'X numbers only'!$B$2:$B$151,'n,eta,X'!$A20,'X numbers only'!$D$2:$D$151,'n,eta,X'!$B20) -> 0.7594868 | W20: =AVERAGEIFS('X numbers only'!AB$2:AB$151,'X numbers only'!$B$2:$B$151,'n,eta,X'!$A20,'X numbers only'!$D$2:$D$151,'n,eta,X'!$B20) -> 1.7073638e-06 | X20: =AVERAGEIFS('X numbers only'!AC$2:AC$151,'X numbers only'!$B$2:$B$151,'n,eta,X'!$A20,'X numbers only'!$D$2:$D$151,'n,eta,X'!$B20) -> 4.4038128 | Y20: =POWER(K20,10) -> 6.8854606e+08
A21: 6 | B21: 0.35 | C21: =AVERAGEIFS('X numbers only'!E$2:E$151,'X numbers only'!$B$2:$B$151,'n,eta,X'!$A21,'X numbers only'!$D$2:$D$151,'n,eta,X'!$B21) -> 10 | D21: =AVERAGEIFS('X numbers only'!F$2:F$151,'X numbers only'!$B$2:$B$151,'n,eta,X'!$A21,'X numbers only'!$D$2:$D$151,'n,eta,X'!$B21) -> 3173.4 | E21: =AVERAGEIFS('X numbers only'!G$2:G$151,'X numbers only'!$B$2:$B$151,'n,eta,X'!$A21,'X numbers only'!$D$2:$D$151,'n,eta,X'!$B21) -> 177529.07 | F21: =AVERAGEIFS('X numbers only'!H$2:H$151,'X numbers only'!$B$2:$B$151,'n,eta,X'!$A21,'X numbers only'!$D$2:$D$151,'n,eta,X'!$B21) -> 128.09701 | G21: =AVERAGEIFS('X numbers only'!I$2:I$151,'X numbers only'!$B$2:$B$151,'n,eta,X'!$A21,'X numbers only'!$D$2:$D$151,'n,eta,X'!$B21) -> 5.431515e+10 | H21: =AVERAGEIFS('X numbers only'!J$2:J$151,'X numbers only'!$B$2:$B$151,'n,eta,X'!$A21,'X numbers only'!$D$2:$D$151,'n,eta,X'!$B21) -> 305625704400 | I21: =AVERAGEIFS('X numbers only'!K$2:K$151,'X numbers only'!$B$2:$B$151,'n,eta,X'!$A21,'X numbers only'!$D$2:$D$151,'n,eta,X'!$B21) -> 5.4533582 | J21: =AVERAGEIFS('X numbers only'!L$2:L$151,'X numbers only'!$B$2:$B$151,'n,eta,X'!$A21,'X numbers only'!$D$2:$D$151,'n,eta,X'!$B21) -> 3.5991535 | ... M21: =AVERAGEIFS('X numbers only'!O$2:O$151,'X numbers only'!$B$2:$B$151,'n,eta,X'!$A21,'X numbers only'!$D$2:$D$151,'n,eta,X'!$B21) -> 4.9020732 | N21: =AVERAGEIFS('X numbers only'!Q$2:Q$151,'X numbers only'!$B$2:$B$151,'n,eta,X'!$A21,'X numbers only'!$D$2:$D$151,'n,eta,X'!$B21) -> 0.00052220029 | O21: =AVERAGEIFS('X numbers only'!R$2:R$151,'X numbers only'!$B$2:$B$151,'n,eta,X'!$A21,'X numbers only'!$D$2:$D$151,'n,eta,X'!$B21) -> 0.56331711 | P21: =AVERAGEIFS('X numbers only'!S$2:S$151,'X numbers only'!$B$2:$B$151,'n,eta,X'!$A21,'X numbers only'!$D$2:$D$151,'n,eta,X'!$B21) -> 0.5271556 | Q21: =AVERAGEIFS('X numbers only'!T$2:T$151,'X numbers only'!$B$2:$B$151,'n,eta,X'!$A21,'X numbers only'!$D$2:$D$151,'n,eta,X'!$B21) -> 0.43608051 | R21: =AVERAGEIFS('X numbers only'!U$2:U$151,'X numbers only'!$B$2:$B$151,'n,eta,X'!$A21,'X numbers only'!$D$2:$D$151,'n,eta,X'!$B21) -> 8.0175152e-05 | S21: =AVERAGEIFS('X numbers only'!X$2:X$151,'X numbers only'!$B$2:$B$151,'n,eta,X'!$A21,'X numbers only'!$D$2:$D$151,'n,eta,X'!$B21) -> 0.00046915181 | T21: =AVERAGEIFS('X numbers only'!Y$2:Y$151,'X numbers only'!$B$2:$B$151,'n,eta,X'!$A21,'X numbers only'!$D$2:$D$151,'n,eta,X'!$B21) -> 0.38380544 | U21: =AVERAGEIFS('X numbers only'!Z$2:Z$151,'X numbers only'!$B$2:$B$151,'n,eta,X'!$A21,'X numbers only'!$D$2:$D$151,'n,eta,X'!$B21) -> 0.34928683 | V21: =AVERAGEIFS('X numbers only'!AA$2:AA$151,'X numbers only'!$B$2:$B$151,'n,eta,X'!$A21,'X numbers only'!$D$2:$D$151,'n,eta,X'!$B21) -> 0.61572009 | W21: =AVERAGEIFS('X numbers only'!AB$2:AB$151,'X numbers only'!$B$2:$B$151,'n,eta,X'!$A21,'X numbers only'!$D$2:$D$151,'n,eta,X'!$B21) -> 5.3138607e-06 | X21: =AVERAGEIFS('X numbers only'!AC$2:AC$151,'X numbers only'!$B$2:$B$151,'n,eta,X'!$A21,'X numbers only'!$D$2:$D$151,'n,eta,X'!$B21) -> 1.6440344 | Y21: =POWER(K21,10) -> 7.2530869e+08
A22: 6 | B22: 0.5 | C22: =AVERAGEIFS('X numbers only'!E$2:E$151,'X numbers only'!$B$2:$B$151,'n,eta,X'!$A22,'X numbers only'!$D$2:$D$151,'n,eta,X'!$B22) -> 10 | D22: =AVERAGEIFS('X numbers only'!F$2:F$151,'X numbers only'!$B$2:$B$151,'n,eta,X'!$A22,'X numbers only'!$D$2:$D$151,'n,eta,X'!$B22) -> 3173.4 | E22: =AVERAGEIFS('X numbers only'!G$2:G$151,'X numbers only'!$B$2:$B$151,'n,eta,X'!$A22,'X numbers only'!$D$2:$D$151,'n,eta,X'!$B22) -> 66495 | F22: =AVERAGEIFS('X numbers only'!H$2:H$151,'X numbers only'!$B$2:$B$151,'n,eta,X'!$A22,'X numbers only'!$D$2:$D$151,'n,eta,X'!$B22) -> 128.09701 | G22: =AVERAGEIFS('X numbers only'!I$2:I$151,'X numbers only'!$B$2:$B$151,'n,eta,X'!$A22,'X numbers only'!$D$2:$D$151,'n,eta,X'!$B22) -> 26076897655 | H22: =AVERAGEIFS('X numbers only'!J$2:J$151,'X numbers only'!$B$2:$B$151,'n,eta,X'!$A22,'X numbers only'!$D$2:$D$151,'n,eta,X'!$B22) -> 128249319245 | I22: =AVERAGEIFS('X numbers only'!K$2:K$151,'X numbers only'!$B$2:$B$151,'n,eta,X'!$A22,'X numbers only'!$D$2:$D$151,'n,eta,X'!$B22) -> 4.6888202 | J22: =AVERAGEIFS('X numbers only'!L$2:L$151,'X numbers only'!$B$2:$B$151,'n,eta,X'!$A22,'X numbers only'!$D$2:$D$151,'n,eta,X'!$B22) -> 2.8906339 | ... M22: =AVERAGEIFS('X numbers only'!O$2:O$151,'X numbers only'!$B$2:$B$151,'n,eta,X'!$A22,'X numbers only'!$D$2:$D$151,'n,eta,X'!$B22) -> 12.215897 | N22: =AVERAGEIFS('X numbers only'!Q$2:Q$151,'X numbers only'!$B$2:$B$151,'n,eta,X'!$A22,'X numbers only'!$D$2:$D$151,'n,eta,X'!$B22) -> 0.00048542468 | O22: =AVERAGEIFS('X numbers only'!R$2:R$151,'X numbers only'!$B$2:$B$151,'n,eta,X'!$A22,'X numbers only'!$D$2:$D$151,'n,eta,X'!$B22) -> 0.66606179 | P22: =AVERAGEIFS('X numbers only'!S$2:S$151,'X numbers only'!$B$2:$B$151,'n,eta,X'!$A22,'X numbers only'!$D$2:$D$151,'n,eta,X'!$B22) -> 0.61055491 | Q22: =AVERAGEIFS('X numbers only'!T$2:T$151,'X numbers only'!$B$2:$B$151,'n,eta,X'!$A22,'X numbers only'!$D$2:$D$151,'n,eta,X'!$B22) -> 0.33328914 | R22: =AVERAGEIFS('X numbers only'!U$2:U$151,'X numbers only'!$B$2:$B$151,'n,eta,X'!$A22,'X numbers only'!$D$2:$D$151,'n,eta,X'!$B22) -> 0.00016364285 | S22: =AVERAGEIFS('X numbers only'!X$2:X$151,'X numbers only'!$B$2:$B$151,'n,eta,X'!$A22,'X numbers only'!$D$2:$D$151,'n,eta,X'!$B22) -> 0.0012721196 | T22: =AVERAGEIFS('X numbers only'!Y$2:Y$151,'X numbers only'!$B$2:$B$151,'n,eta,X'!$A22,'X numbers only'!$D$2:$D$151,'n,eta,X'!$B22) -> 0.44907428 | U22: =AVERAGEIFS('X numbers only'!Z$2:Z$151,'X numbers only'!$B$2:$B$151,'n,eta,X'!$A22,'X numbers only'!$D$2:$D$151,'n,eta,X'!$B22) -> 0.37645531 | V22: =AVERAGEIFS('X numbers only'!AA$2:AA$151,'X numbers only'!$B$2:$B$151,'n,eta,X'!$A22,'X numbers only'!$D$2:$D$151,'n,eta,X'!$B22) -> 0.54964217 | W22: =AVERAGEIFS('X numbers only'!AB$2:AB$151,'X numbers only'!$B$2:$B$151,'n,eta,X'!$A22,'X numbers only'!$D$2:$D$151,'n,eta,X'!$B22) -> 1.1427107e-05 | X22: =AVERAGEIFS('X numbers only'!AC$2:AC$151,'X numbers only'!$B$2:$B$151,'n,eta,X'!$A22,'X numbers only'!$D$2:$D$151,'n,eta,X'!$B22) -> 1.2395071 | Y22: =POWER(K22,10) -> 7.4494443e+08
A23: 6 | B23: 0.65 | C23: =AVERAGEIFS('X numbers only'!E$2:E$151,'X numbers only'!$B$2:$B$151,'n,eta,X'!$A23,'X numbers only'!$D$2:$D$151,'n,eta,X'!$B23) -> 10 | D23: =AVERAGEIFS('X numbers only'!F$2:F$151,'X numbers only'!$B$2:$B$151,'n,eta,X'!$A23,'X numbers only'!$D$2:$D$151,'n,eta,X'!$B23) -> 3173.4 | E23: =AVERAGEIFS('X numbers only'!G$2:G$151,'X numbers only'!$B$2:$B$151,'n,eta,X'!$A23,'X numbers only'!$D$2:$D$151,'n,eta,X'!$B23) -> 25764.267 | F23: =AVERAGEIFS('X numbers only'!H$2:H$151,'X numbers only'!$B$2:$B$151,'n,eta,X'!$A23,'X numbers only'!$D$2:$D$151,'n,eta,X'!$B23) -> 128.09701 | G23: =AVERAGEIFS('X numbers only'!I$2:I$151,'X numbers only'!$B$2:$B$151,'n,eta,X'!$A23,'X numbers only'!$D$2:$D$151,'n,eta,X'!$B23) -> 1.4239221e+10 | H23: =AVERAGEIFS('X numbers only'!J$2:J$151,'X numbers only'!$B$2:$B$151,'n,eta,X'!$A23,'X numbers only'!$D$2:$D$151,'n,eta,X'!$B23) -> 55380919160 | I23: =AVERAGEIFS('X numbers only'!K$2:K$151,'X numbers only'!$B$2:$B$151,'n,eta,X'!$A23,'X numbers only'!$D$2:$D$151,'n,eta,X'!$B23) -> 3.5848442 | J23: =AVERAGEIFS('X numbers only'!L$2:L$151,'X numbers only'!$B$2:$B$151,'n,eta,X'!$A23,'X numbers only'!$D$2:$D$151,'n,eta,X'!$B23) -> 1.9414327 | ... M23: =AVERAGEIFS('X numbers only'!O$2:O$151,'X numbers only'!$B$2:$B$151,'n,eta,X'!$A23,'X numbers only'!$D$2:$D$151,'n,eta,X'!$B23) -> 33.786063 | N23: =AVERAGEIFS('X numbers only'!Q$2:Q$151,'X numbers only'!$B$2:$B$151,'n,eta,X'!$A23,'X numbers only'!$D$2:$D$151,'n,eta,X'!$B23) -> 0.0002979941 | O23: =AVERAGEIFS('X numbers only'!R$2:R$151,'X numbers only'!$B$2:$B$151,'n,eta,X'!$A23,'X numbers only'!$D$2:$D$151,'n,eta,X'!$B23) -> 0.77970349 | P23: =AVERAGEIFS('X numbers only'!S$2:S$151,'X numbers only'!$B$2:$B$151,'n,eta,X'!$A23,'X numbers only'!$D$2:$D$151,'n,eta,X'!$B23) -> 0.66623309 | Q23: =AVERAGEIFS('X numbers only'!T$2:T$151,'X numbers only'!$B$2:$B$151,'n,eta,X'!$A23,'X numbers only'!$D$2:$D$151,'n,eta,X'!$B23) -> 0.21975082 | R23: =AVERAGEIFS('X numbers only'!U$2:U$151,'X numbers only'!$B$2:$B$151,'n,eta,X'!$A23,'X numbers only'!$D$2:$D$151,'n,eta,X'!$B23) -> 0.00024769897 | S23: =AVERAGEIFS('X numbers only'!X$2:X$151,'X numbers only'!$B$2:$B$151,'n,eta,X'!$A23,'X numbers only'!$D$2:$D$151,'n,eta,X'!$B23) -> 0.0028051718 | T23: =AVERAGEIFS('X numbers only'!Y$2:Y$151,'X numbers only'!$B$2:$B$151,'n,eta,X'!$A23,'X numbers only'!$D$2:$D$151,'n,eta,X'!$B23) -> 0.5261918 | U23: =AVERAGEIFS('X numbers only'!Z$2:Z$151,'X numbers only'!$B$2:$B$151,'n,eta,X'!$A23,'X numbers only'!$D$2:$D$151,'n,eta,X'!$B23) -> 0.36275896 | V23: =AVERAGEIFS('X numbers only'!AA$2:AA$151,'X numbers only'!$B$2:$B$151,'n,eta,X'!$A23,'X numbers only'!$D$2:$D$151,'n,eta,X'!$B23) -> 0.47097849 | W23: =AVERAGEIFS('X numbers only'!AB$2:AB$151,'X numbers only'!$B$2:$B$151,'n,eta,X'!$A23,'X numbers only'!$D$2:$D$151,'n,eta,X'!$B23) -> 2.4536525e-05 | X23: =AVERAGEIFS('X numbers only'!AC$2:AC$151,'X numbers only'!$B$2:$B$151,'n,eta,X'!$A23,'X numbers only'!$D$2:$D$151,'n,eta,X'!$B23) -> 0.90858248 | Y23: =POWER(K23,10) -> 7.1656961e+08
A24: 6 | B24: 0.8 | C24: =AVERAGEIFS('X numbers only'!E$2:E$151,'X numbers only'!$B$2:$B$151,'n,eta,X'!$A24,'X numbers only'!$D$2:$D$151,'n,eta,X'!$B24) -> 10 | D24: =AVERAGEIFS('X numbers only'!F$2:F$151,'X numbers only'!$B$2:$B$151,'n,eta,X'!$A24,'X numbers only'!$D$2:$D$151,'n,eta,X'!$B24) -> 3173.4 | E24: =AVERAGEIFS('X numbers only'!G$2:G$151,'X numbers only'!$B$2:$B$151,'n,eta,X'!$A24,'X numbers only'!$D$2:$D$151,'n,eta,X'!$B24) -> 13134.133 | F24: =AVERAGEIFS('X numbers only'!H$2:H$151,'X numbers only'!$B$2:$B$151,'n,eta,X'!$A24,'X numbers only'!$D$2:$D$151,'n,eta,X'!$B24) -> 128.09701 | G24: =AVERAGEIFS('X numbers only'!I$2:I$151,'X numbers only'!$B$2:$B$151,'n,eta,X'!$A24,'X numbers only'!$D$2:$D$151,'n,eta,X'!$B24) -> 1.0641669e+10 | H24: =AVERAGEIFS('X numbers only'!J$2:J$151,'X numbers only'!$B$2:$B$151,'n,eta,X'!$A24,'X numbers only'!$D$2:$D$151,'n,eta,X'!$B24) -> 33642867360 | I24: =AVERAGEIFS('X numbers only'!K$2:K$151,'X numbers only'!$B$2:$B$151,'n,eta,X'!$A24,'X numbers only'!$D$2:$D$151,'n,eta,X'!$B24) -> 3.0278352 | J24: =AVERAGEIFS('X numbers only'!L$2:L$151,'X numbers only'!$B$2:$B$151,'n,eta,X'!$A24,'X numbers only'!$D$2:$D$151,'n,eta,X'!$B24) -> 1.3984111 | ... M24: =AVERAGEIFS('X numbers only'!O$2:O$151,'X numbers only'!$B$2:$B$151,'n,eta,X'!$A24,'X numbers only'!$D$2:$D$151,'n,eta,X'!$B24) -> 59.506126 | N24: =AVERAGEIFS('X numbers only'!Q$2:Q$151,'X numbers only'!$B$2:$B$151,'n,eta,X'!$A24,'X numbers only'!$D$2:$D$151,'n,eta,X'!$B24) -> 0.00023335769 | O24: =AVERAGEIFS('X numbers only'!R$2:R$151,'X numbers only'!$B$2:$B$151,'n,eta,X'!$A24,'X numbers only'!$D$2:$D$151,'n,eta,X'!$B24) -> 0.84329474 | P24: =AVERAGEIFS('X numbers only'!S$2:S$151,'X numbers only'!$B$2:$B$151,'n,eta,X'!$A24,'X numbers only'!$D$2:$D$151,'n,eta,X'!$B24) -> 0.74899786 | Q24: =AVERAGEIFS('X numbers only'!T$2:T$151,'X numbers only'!$B$2:$B$151,'n,eta,X'!$A24,'X numbers only'!$D$2:$D$151,'n,eta,X'!$B24) -> 0.15610613 | R24: =AVERAGEIFS('X numbers only'!U$2:U$151,'X numbers only'!$B$2:$B$151,'n,eta,X'!$A24,'X numbers only'!$D$2:$D$151,'n,eta,X'!$B24) -> 0.00036577977 | S24: =AVERAGEIFS('X numbers only'!X$2:X$151,'X numbers only'!$B$2:$B$151,'n,eta,X'!$A24,'X numbers only'!$D$2:$D$151,'n,eta,X'!$B24) -> 0.0045347921 | T24: =AVERAGEIFS('X numbers only'!Y$2:Y$151,'X numbers only'!$B$2:$B$151,'n,eta,X'!$A24,'X numbers only'!$D$2:$D$151,'n,eta,X'!$B24) -> 0.6027093 | U24: =AVERAGEIFS('X numbers only'!Z$2:Z$151,'X numbers only'!$B$2:$B$151,'n,eta,X'!$A24,'X numbers only'!$D$2:$D$151,'n,eta,X'!$B24) -> 0.34540534 | V24: =AVERAGEIFS('X numbers only'!AA$2:AA$151,'X numbers only'!$B$2:$B$151,'n,eta,X'!$A24,'X numbers only'!$D$2:$D$151,'n,eta,X'!$B24) -> 0.39271645 | W24: =AVERAGEIFS('X numbers only'!AB$2:AB$151,'X numbers only'!$B$2:$B$151,'n,eta,X'!$A24,'X numbers only'!$D$2:$D$151,'n,eta,X'!$B24) -> 3.9452758e-05 | X24: =AVERAGEIFS('X numbers only'!AC$2:AC$151,'X numbers only'!$B$2:$B$151,'n,eta,X'!$A24,'X numbers only'!$D$2:$D$151,'n,eta,X'!$B24) -> 0.65608656 | Y24: =POWER(K24,10) -> 6.5639136e+08
A25: 6 | B25: 0.95 | C25: =AVERAGEIFS('X numbers only'!E$2:E$151,'X numbers only'!$B$2:$B$151,'n,eta,X'!$A25,'X numbers only'!$D$2:$D$151,'n,eta,X'!$B25) -> 10 | D25: =AVERAGEIFS('X numbers only'!F$2:F$151,'X numbers only'!$B$2:$B$151,'n,eta,X'!$A25,'X numbers only'!$D$2:$D$151,'n,eta,X'!$B25) -> 3173.4 | E25: =AVERAGEIFS('X numbers only'!G$2:G$151,'X numbers only'!$B$2:$B$151,'n,eta,X'!$A25,'X numbers only'!$D$2:$D$151,'n,eta,X'!$B25) -> 7782.4 | F25: =AVERAGEIFS('X numbers only'!H$2:H$151,'X numbers only'!$B$2:$B$151,'n,eta,X'!$A25,'X numbers only'!$D$2:$D$151,'n,eta,X'!$B25) -> 128.09701 | G25: =AVERAGEIFS('X numbers only'!I$2:I$151,'X numbers only'!$B$2:$B$151,'n,eta,X'!$A25,'X numbers only'!$D$2:$D$151,'n,eta,X'!$B25) -> 8.4461861e+09 | H25: =AVERAGEIFS('X numbers only'!J$2:J$151,'X numbers only'!$B$2:$B$151,'n,eta,X'!$A25,'X numbers only'!$D$2:$D$151,'n,eta,X'!$B25) -> 20954329600 | I25: =AVERAGEIFS('X numbers only'!K$2:K$151,'X numbers only'!$B$2:$B$151,'n,eta,X'!$A25,'X numbers only'!$D$2:$D$151,'n,eta,X'!$B25) -> 2.3130341 | J25: =AVERAGEIFS('X numbers only'!L$2:L$151,'X numbers only'!$B$2:$B$151,'n,eta,X'!$A25,'X numbers only'!$D$2:$D$151,'n,eta,X'!$B25) -> 0.68580472 | ... M25: =AVERAGEIFS('X numbers only'!O$2:O$151,'X numbers only'!$B$2:$B$151,'n,eta,X'!$A25,'X numbers only'!$D$2:$D$151,'n,eta,X'!$B25) -> 125.3641 | N25: =AVERAGEIFS('X numbers only'!Q$2:Q$151,'X numbers only'!$B$2:$B$151,'n,eta,X'!$A25,'X numbers only'!$D$2:$D$151,'n,eta,X'!$B25) -> 0.00014466758 | O25: =AVERAGEIFS('X numbers only'!R$2:R$151,'X numbers only'!$B$2:$B$151,'n,eta,X'!$A25,'X numbers only'!$D$2:$D$151,'n,eta,X'!$B25) -> 0.89229015 | P25: =AVERAGEIFS('X numbers only'!S$2:S$151,'X numbers only'!$B$2:$B$151,'n,eta,X'!$A25,'X numbers only'!$D$2:$D$151,'n,eta,X'!$B25) -> 0.76696496 | Q25: =AVERAGEIFS('X numbers only'!T$2:T$151,'X numbers only'!$B$2:$B$151,'n,eta,X'!$A25,'X numbers only'!$D$2:$D$151,'n,eta,X'!$B25) -> 0.10716616 | R25: =AVERAGEIFS('X numbers only'!U$2:U$151,'X numbers only'!$B$2:$B$151,'n,eta,X'!$A25,'X numbers only'!$D$2:$D$151,'n,eta,X'!$B25) -> 0.00039902361 | S25: =AVERAGEIFS('X numbers only'!X$2:X$151,'X numbers only'!$B$2:$B$151,'n,eta,X'!$A25,'X numbers only'!$D$2:$D$151,'n,eta,X'!$B25) -> 0.0076481109 | T25: =AVERAGEIFS('X numbers only'!Y$2:Y$151,'X numbers only'!$B$2:$B$151,'n,eta,X'!$A25,'X numbers only'!$D$2:$D$151,'n,eta,X'!$B25) -> 0.64465895 | U25: =AVERAGEIFS('X numbers only'!Z$2:Z$151,'X numbers only'!$B$2:$B$151,'n,eta,X'!$A25,'X numbers only'!$D$2:$D$151,'n,eta,X'!$B25) -> 0.23203885 | V25: =AVERAGEIFS('X numbers only'!AA$2:AA$151,'X numbers only'!$B$2:$B$151,'n,eta,X'!$A25,'X numbers only'!$D$2:$D$151,'n,eta,X'!$B25) -> 0.34762752 | W25: =AVERAGEIFS('X numbers only'!AB$2:AB$151,'X numbers only'!$B$2:$B$151,'n,eta,X'!$A25,'X numbers only'!$D$2:$D$151,'n,eta,X'!$B25) -> 6.5415325e-05 | X25: =AVERAGEIFS('X numbers only'!AC$2:AC$151,'X numbers only'!$B$2:$B$151,'n,eta,X'!$A25,'X numbers only'!$D$2:$D$151,'n,eta,X'!$B25) -> 0.57711308 | Y25: =POWER(K25,10) -> 5.9997557e+08
