Workbook

Sheet all
A1: experiment_num | B1: N | C1: n | D1: N0 | E1: eta | F1: E2_neighbors | G1: Level | H1: Boxes | I1: gpu_time | J1: cpu_time | K1: speedup | L1: cpu_M2L_time | M1: cpu_P2P_time | N1: Data_collection_time | O1: M2L_data_transfer | P1: GPU_M2L_time | Q1: P2P_data_transfer | R1: GPU_P2P_time | S1: update_time
A2: 1 | B2: 65536 | C2: 3 | D2: 64 | E2: 0.2 | F2: 320708 | G2: 10 | H2: 2047 | I2: 4.835 | J2: 26.691 | K2: 5.5203723 | L2: 7.076531 | M2: 19.190059 | N2: 0.0759891 | O2: 0.0005309 | P2: 0.0001431 | Q2: 1.5857647 | R2: 7.2e-05 | S2: 2.7094823
A3: 1 | B3: 65536 | C3: 3 | D3: 64 | E3: 0.2 | F3: 322048 | G3: 10 | H3: 2047 | I3: 4.752 | J3: 25.665 | K3: 5.4008838 | L3: 6.7377859 | M3: 18.554795 | N3: 0.0645688 | O3: 0.0005384 | P3: 0.0001404 | Q3: 1.4969383 | R3: 0.0001489 | S3: 2.7219915
A4: 1 | B4: 65536 | C4: 3 | D4: 64 | E4: 0.2 | F4: 322792 | G4: 10 | H4: 2047 | I4: 4.73 | J4: 25.665 | K4: 5.4260042 | L4: 6.6988389 | M4: 18.580967 | N4: 0.0645928 | O4: 0.0005434 | P4: 0.0001714 | Q4: 1.4666235 | R4: 8.7e-05 | S4: 2.7161212
A5: 1 | B5: 65536 | C5: 3 | D5: 64 | E5: 0.2 | F5: 323772 | G5: 10 | H5: 2047 | I5: 4.838 | J5: 26.021 | K5: 5.3784622 | L5: 6.7913624 | M5: 18.880347 | N5: 0.0562454 | O5: 0.0005714 | P5: 0.0001358 | Q5: 1.5135203 | R5: 8.25e-05 | S5: 2.7765031
A6: 1 | B6: 65536 | C6: 3 | D6: 64 | E6: 0.2 | F6: 322216 | G6: 10 | H6: 2047 | I6: 4.907 | J6: 25.961 | K6: 5.2906053 | L6: 6.9021678 | M6: 18.689367 | N6: 0.0796385 | O6: 0.0004581 | P6: 8.56e-05 | Q6: 1.6236072 | R6: 8.76e-05 | S6: 2.7350561
A7: 2 | B7: 65536 | C7: 3 | D7: 64 | E7: 0.35 | F7: 86760 | G7: 10 | H7: 2047 | I7: 1.971 | J7: 8.337 | K7: 4.2298326 | L7: 2.8110066 | M7: 5.1631986 | N7: 0.0172354 | O7: 0.0003008 | P7: 6.97e-05 | Q7: 0.1474963 | R7: 5.72e-05 | S7: 1.3442238
A8: 3 | B8: 65536 | C8: 3 | D8: 64 | E8: 0.5 | F8: 33648 | G8: 10 | H8: 2047 | I8: 0.761 | J8: 3.981 | K8: 5.2312746 | L8: 1.1959379 | M8: 2.065015 | N8: 0.0065575 | O8: 9.48e-05 | P8: 1.81e-05 | Q8: 0.0002289 | R8: 2.84e-05 | S8: 0.7400409
A9: 4 | B9: 65536 | C9: 3 | D9: 64 | E9: 0.65 | F9: 12056 | G9: 10 | H9: 2047 | I9: 0.515 | J9: 1.696 | K9: 3.2932039 | L9: 0.5566909 | M9: 0.7606649 | N9: 0.0027196 | O9: 8.28e-05 | P9: 1.45e-05 | Q9: 0.000212 | R9: 2.73e-05 | S9: 0.4912214
A10: 5 | B10: 65536 | C10: 3 | D10: 64 | E10: 0.8 | F10: 6888 | G10: 10 | H10: 2047 | I10: 0.386 | J10: 1.11 | K10: 2.8756477 | L10: 0.3193251 | M10: 0.4173008 | N10: 0.0016296 | O10: 0.0001833 | P10: 1.5e-05 | Q10: 7.55e-05 | R10: 1.37e-05 | S10: 0.366049
A11: 6 | B11: 65536 | C11: 3 | D11: 64 | E11: 0.95 | F11: 2052 | G11: 10 | H11: 2047 | I11: 0.304 | J11: 0.699 | K11: 2.2993421 | L11: 0.2028667 | M11: 0.1300739 | N11: 0.0007143 | O11: 6.04e-05 | P11: 1.33e-05 | Q11: 2.39e-05 | R11: 1.34e-05 | S11: 0.2859152
A12: 7 | B12: 65536 | C12: 4 | D12: 125 | E12: 0.2 | F12: 322268 | G12: 10 | H12: 2047 | I12: 11.068 | J12: 47.002 | K12: 4.246657 | L12: 26.935205 | M12: 19.185677 | N12: 0.0612876 | O12: 0.0002359 | P12: 0.4721569 | Q12: 4.4796987 | R12: 0.4662718 | S12: 0.0200119
A13: 2 | B13: 65536 | C13: 4 | D13: 125 | E13: 0.2 | F13: 322820 | G13: 10 | H13: 2047 | I13: 8.007 | J13: 44.837 | K13: 5.5997252 | L13: 25.036781 | M13: 18.70681 | N13: 0.0618603 | O13: 0.0004504 | P13: 0.0001275 | Q13: 4.6133065 | R13: 8.74e-05 | S13: 2.8513323
... A479: 100 | B479: 1048576 | C479: 7 | D479: 512 | E479: 0.95 | F479: 8192 | G479: 11 | H479: 4095 | I479: 25.299 | J479: 73.868 | K479: 2.9197992 | L479: 11.853418 | M479: 35.9172 | N479: 0.0013636 | O479: 6.1e-05 | P479: 1.56e-05 | Q479: 9.99e-05 | R479: 1.5e-05 | S479: 24.587387

Sheet clean
A1: experiment_num | B1: N | C1: n | D1: N0 | E1: eta | F1: E2_neighbors | G1: Level | H1: Boxes | I1: gpu_time | J1: cpu_time | K1: speedup | L1: cpu_M2L_time | M1: cpu_P2P_time | N1: Data_collection_time | O1: M2L_data_transfer | P1: GPU_M2L_time | Q1: P2P_data_transfer | R1: GPU_P2P_time | S1: update_time
A2: 1 | B2: 65536 | C2: 3 | D2: 64 | E2: 0.2 | F2: 320708 | G2: 10 | H2: 2047 | I2: 4.835 | J2: 26.691 | K2: 5.5203723 | L2: 7.076531 | M2: 19.190059 | N2: 0.0759891 | O2: 0.0005309 | P2: 0.0001431 | Q2: 1.5857647 | R2: 7.2e-05 | S2: 2.7094823
A3: 1 | B3: 65536 | C3: 3 | D3: 64 | E3: 0.2 | F3: 322048 | G3: 10 | H3: 2047 | I3: 4.752 | J3: 25.665 | K3: 5.4008838 | L3: 6.7377859 | M3: 18.554795 | N3: 0.0645688 | O3: 0.0005384 | P3: 0.0001404 | Q3: 1.4969383 | R3: 0.0001489 | S3: 2.7219915
A4: 1 | B4: 65536 | C4: 3 | D4: 64 | E4: 0.2 | F4: 322792 | G4: 10 | H4: 2047 | I4: 4.73 | J4: 25.665 | K4: 5.4260042 | L4: 6.6988389 | M4: 18.580967 | N4: 0.0645928 | O4: 0.0005434 | P4: 0.0001714 | Q4: 1.4666235 | R4: 8.7e-05 | S4: 2.7161212
A5: 1 | B5: 65536 | C5: 3 | D5: 64 | E5: 0.2 | F5: 323772 | G5: 10 | H5: 2047 | I5: 4.838 | J5: 26.021 | K5: 5.3784622 | L5: 6.7913624 | M5: 18.880347 | N5: 0.0562454 | O5: 0.0005714 | P5: 0.0001358 | Q5: 1.5135203 | R5: 8.25e-05 | S5: 2.7765031
A6: 1 | B6: 65536 | C6: 3 | D6: 64 | E6: 0.2 | F6: 322216 | G6: 10 | H6: 2047 | I6: 4.907 | J6: 25.961 | K6: 5.2906053 | L6: 6.9021678 | M6: 18.689367 | N6: 0.0796385 | O6: 0.0004581 | P6: 8.56e-05 | Q6: 1.6236072 | R6: 8.76e-05 | S6: 2.7350561
A7: 2 | B7: 65536 | C7: 3 | D7: 64 | E7: 0.35 | F7: 86760 | G7: 10 | H7: 2047 | I7: 1.971 | J7: 8.337 | K7: 4.2298326 | L7: 2.8110066 | M7: 5.1631986 | N7: 0.0172354 | O7: 0.0003008 | P7: 6.97e-05 | Q7: 0.1474963 | R7: 5.72e-05 | S7: 1.3442238
A8: 3 | B8: 65536 | C8: 3 | D8: 64 | E8: 0.5 | F8: 33648 | G8: 10 | H8: 2047 | I8: 0.761 | J8: 3.981 | K8: 5.2312746 | L8: 1.1959379 | M8: 2.065015 | N8: 0.0065575 | O8: 9.48e-05 | P8: 1.81e-05 | Q8: 0.0002289 | R8: 2.84e-05 | S8: 0.7400409
A9: 4 | B9: 65536 | C9: 3 | D9: 64 | E9: 0.65 | F9: 12056 | G9: 10 | H9: 2047 | I9: 0.515 | J9: 1.696 | K9: 3.2932039 | L9: 0.5566909 | M9: 0.7606649 | N9: 0.0027196 | O9: 8.28e-05 | P9: 1.45e-05 | Q9: 0.000212 | R9: 2.73e-05 | S9: 0.4912214
A10: 5 | B10: 65536 | C10: 3 | D10: 64 | E10: 0.8 | F10: 6888 | G10: 10 | H10: 2047 | I10: 0.386 | J10: 1.11 | K10: 2.8756477 | L10: 0.3193251 | M10: 0.4173008 | N10: 0.0016296 | O10: 0.0001833 | P10: 1.5e-05 | Q10: 7.55e-05 | R10: 1.37e-05 | S10: 0.366049
A11: 6 | B11: 65536 | C11: 3 | D11: 64 | E11: 0.95 | F11: 2052 | G11: 10 | H11: 2047 | I11: 0.304 | J11: 0.699 | K11: 2.2993421 | L11: 0.2028667 | M11: 0.1300739 | N11: 0.0007143 | O11: 6.04e-05 | P11: 1.33e-05 | Q11: 2.39e-05 | R11: 1.34e-05 | S11: 0.2859152
A12: 7 | B12: 65536 | C12: 4 | D12: 125 | E12: 0.2 | F12: 322268 | G12: 10 | H12: 2047 | I12: 11.068 | J12: 47.002 | K12: 4.246657 | L12: 26.935205 | M12: 19.185677 | N12: 0.0612876 | O12: 0.0002359 | P12: 0.4721569 | Q12: 4.4796987 | R12: 0.4662718 | S12: 0.0200119
A13: 2 | B13: 65536 | C13: 4 | D13: 125 | E13: 0.2 | F13: 322820 | G13: 10 | H13: 2047 | I13: 8.007 | J13: 44.837 | K13: 5.5997252 | L13: 25.036781 | M13: 18.70681 | N13: 0.0618603 | O13: 0.0004504 | P13: 0.0001275 | Q13: 4.6133065 | R13: 8.74e-05 | S13: 2.8513323
... A477: 100 | B477: 1048576 | C477: 7 | D477: 512 | E477: 0.95 | F477: 8192 | G477: 11 | H477: 4095 | I477: 25.299 | J477: 73.868 | K477: 2.9197992 | L477: 11.853418 | M477: 35.9172 | N477: 0.0013636 | O477: 6.1e-05 | P477: 1.56e-05 | Q477: 9.99e-05 | R477: 1.5e-05 | S477: 24.587387

Sheet avg
A1: N | B1: n | C1: N0 | D1: eta | E1: Level | F1: Boxes | G1: E2_neighbors | H1: gpu_time | I1: cpu_time | J1: speedup | K1: cpu_M2L_time | L1: cpu_P2P_time | M1: Data_collection_time | N1: M2L_data_transfer | O1: GPU_M2L_time | P1: P2P_data_transfer | Q1: GPU_P2P_time | R1: update_time
A2: 65536 | B2: 7 | C2: 512 | D2: 0.95 | E2: 7 | F2: =AVERAGEIFS(clean!H$2:H$998,clean!$B$2:$B$998,avg!$A2,clean!$C$2:$C$998,avg!$B2,clean!$D$2:$D$998,avg!$C2,clean!$E$2:$E$998,avg!$D2,clean!$G$2:$G$998,avg!$E2) -> 255 | G2: =AVERAGEIFS(clean!$F$2:$F$998,clean!$B$2:$B$998,avg!$A2,clean!$C$2:$C$998,avg!$B2,clean!$D$2:$D$998,avg!$C2,clean!$E$2:$E$998,avg!$D2,clean!$G$2:$G$998,avg!$E2) -> 256 | H2: =AVERAGEIFS(clean!I$2:I$998,clean!$B$2:$B$998,avg!$A2,clean!$C$2:$C$998,avg!$B2,clean!$D$2:$D$998,avg!$C2,clean!$E$2:$E$998,avg!$D2,clean!$G$2:$G$998,avg!$E2) -> 1.882 | I2: =AVERAGEIFS(clean!J$2:J$998,clean!$B$2:$B$998,avg!$A2,clean!$C$2:$C$998,avg!$B2,clean!$D$2:$D$998,avg!$C2,clean!$E$2:$E$998,avg!$D2,clean!$G$2:$G$998,avg!$E2) -> 4.554 | J2: =AVERAGEIFS(clean!K$2:K$998,clean!$B$2:$B$998,avg!$A2,clean!$C$2:$C$998,avg!$B2,clean!$D$2:$D$998,avg!$C2,clean!$E$2:$E$998,avg!$D2,clean!$G$2:$G$998,avg!$E2) -> 2.4197662 | K2: =AVERAGEIFS(clean!L$2:L$998,clean!$B$2:$B$998,avg!$A2,clean!$C$2:$C$998,avg!$B2,clean!$D$2:$D$998,avg!$C2,clean!$E$2:$E$998,avg!$D2,clean!$G$2:$G$998,avg!$E2) -> 1.5356523 | L2: =AVERAGEIFS(clean!M$2:M$998,clean!$B$2:$B$998,avg!$A2,clean!$C$2:$C$998,avg!$B2,clean!$D$2:$D$998,avg!$C2,clean!$E$2:$E$998,avg!$D2,clean!$G$2:$G$998,avg!$E2) -> 1.1003323 | M2: =AVERAGEIFS(clean!N$2:N$998,clean!$B$2:$B$998,avg!$A2,clean!$C$2:$C$998,avg!$B2,clean!$D$2:$D$998,avg!$C2,clean!$E$2:$E$998,avg!$D2,clean!$G$2:$G$998,avg!$E2) -> 9.03e-05 | N2: =AVERAGEIFS(clean!O$2:O$998,clean!$B$2:$B$998,avg!$A2,clean!$C$2:$C$998,avg!$B2,clean!$D$2:$D$998,avg!$C2,clean!$E$2:$E$998,avg!$D2,clean!$G$2:$G$998,avg!$E2) -> 3.85e-05 | O2: =AVERAGEIFS(clean!P$2:P$998,clean!$B$2:$B$998,avg!$A2,clean!$C$2:$C$998,avg!$B2,clean!$D$2:$D$998,avg!$C2,clean!$E$2:$E$998,avg!$D2,clean!$G$2:$G$998,avg!$E2) -> 1.39e-05 | ... R2: =AVERAGEIFS(clean!S$2:S$998,clean!$B$2:$B$998,avg!$A2,clean!$C$2:$C$998,avg!$B2,clean!$D$2:$D$998,avg!$C2,clean!$E$2:$E$998,avg!$D2,clean!$G$2:$G$998,avg!$E2) -> 1.8671431
A3: 65536 | B3: 7 | C3: 512 | D3: 0.8 | E3: 7 | F3: =AVERAGEIFS(clean!H$2:H$998,clean!$B$2:$B$998,avg!$A3,clean!$C$2:$C$998,avg!$B3,clean!$D$2:$D$998,avg!$C3,clean!$E$2:$E$998,avg!$D3,clean!$G$2:$G$998,avg!$E3) -> 255 | G3: =AVERAGEIFS(clean!$F$2:$F$998,clean!$B$2:$B$998,avg!$A3,clean!$C$2:$C$998,avg!$B3,clean!$D$2:$D$998,avg!$C3,clean!$E$2:$E$998,avg!$D3,clean!$G$2:$G$998,avg!$E3) -> 904 | H3: =AVERAGEIFS(clean!I$2:I$998,clean!$B$2:$B$998,avg!$A3,clean!$C$2:$C$998,avg!$B3,clean!$D$2:$D$998,avg!$C3,clean!$E$2:$E$998,avg!$D3,clean!$G$2:$G$998,avg!$E3) -> 2.896 | I3: =AVERAGEIFS(clean!J$2:J$998,clean!$B$2:$B$998,avg!$A3,clean!$C$2:$C$998,avg!$B3,clean!$D$2:$D$998,avg!$C3,clean!$E$2:$E$998,avg!$D3,clean!$G$2:$G$998,avg!$E3) -> 7.811 | J3: =AVERAGEIFS(clean!K$2:K$998,clean!$B$2:$B$998,avg!$A3,clean!$C$2:$C$998,avg!$B3,clean!$D$2:$D$998,avg!$C3,clean!$E$2:$E$998,avg!$D3,clean!$G$2:$G$998,avg!$E3) -> 2.6971685 | K3: =AVERAGEIFS(clean!L$2:L$998,clean!$B$2:$B$998,avg!$A3,clean!$C$2:$C$998,avg!$B3,clean!$D$2:$D$998,avg!$C3,clean!$E$2:$E$998,avg!$D3,clean!$G$2:$G$998,avg!$E3) -> 2.2625725 | L3: =AVERAGEIFS(clean!M$2:M$998,clean!$B$2:$B$998,avg!$A3,clean!$C$2:$C$998,avg!$B3,clean!$D$2:$D$998,avg!$C3,clean!$E$2:$E$998,avg!$D3,clean!$G$2:$G$998,avg!$E3) -> 3.9638856 | M3: =AVERAGEIFS(clean!N$2:N$998,clean!$B$2:$B$998,avg!$A3,clean!$C$2:$C$998,avg!$B3,clean!$D$2:$D$998,avg!$C3,clean!$E$2:$E$998,avg!$D3,clean!$G$2:$G$998,avg!$E3) -> 0.0002185 | N3: =AVERAGEIFS(clean!O$2:O$998,clean!$B$2:$B$998,avg!$A3,clean!$C$2:$C$998,avg!$B3,clean!$D$2:$D$998,avg!$C3,clean!$E$2:$E$998,avg!$D3,clean!$G$2:$G$998,avg!$E3) -> 3.92e-05 | O3: =AVERAGEIFS(clean!P$2:P$998,clean!$B$2:$B$998,avg!$A3,clean!$C$2:$C$998,avg!$B3,clean!$D$2:$D$998,avg!$C3,clean!$E$2:$E$998,avg!$D3,clean!$G$2:$G$998,avg!$E3) -> 1.4e-05 | ... R3: =AVERAGEIFS(clean!S$2:S$998,clean!$B$2:$B$998,avg!$A3,clean!$C$2:$C$998,avg!$B3,clean!$D$2:$D$998,avg!$C3,clean!$E$2:$E$998,avg!$D3,clean!$G$2:$G$998,avg!$E3) -> 2.2599378
A4: 65536 | B4: 7 | C4: 512 | D4: 0.65 | E4: 7 | F4: =AVERAGEIFS(clean!H$2:H$998,clean!$B$2:$B$998,avg!$A4,clean!$C$2:$C$998,avg!$B4,clean!$D$2:$D$998,avg!$C4,clean!$E$2:$E$998,avg!$D4,clean!$G$2:$G$998,avg!$E4) -> 255 | G4: =AVERAGEIFS(clean!$F$2:$F$998,clean!$B$2:$B$998,avg!$A4,clean!$C$2:$C$998,avg!$B4,clean!$D$2:$D$998,avg!$C4,clean!$E$2:$E$998,avg!$D4,clean!$G$2:$G$998,avg!$E4) -> 1408 | H4: =AVERAGEIFS(clean!I$2:I$998,clean!$B$2:$B$998,avg!$A4,clean!$C$2:$C$998,avg!$B4,clean!$D$2:$D$998,avg!$C4,clean!$E$2:$E$998,avg!$D4,clean!$G$2:$G$998,avg!$E4) -> 3.174 | I4: =AVERAGEIFS(clean!J$2:J$998,clean!$B$2:$B$998,avg!$A4,clean!$C$2:$C$998,avg!$B4,clean!$D$2:$D$998,avg!$C4,clean!$E$2:$E$998,avg!$D4,clean!$G$2:$G$998,avg!$E4) -> 10.77 | J4: =AVERAGEIFS(clean!K$2:K$998,clean!$B$2:$B$998,avg!$A4,clean!$C$2:$C$998,avg!$B4,clean!$D$2:$D$998,avg!$C4,clean!$E$2:$E$998,avg!$D4,clean!$G$2:$G$998,avg!$E4) -> 3.3931947 | K4: =AVERAGEIFS(clean!L$2:L$998,clean!$B$2:$B$998,avg!$A4,clean!$C$2:$C$998,avg!$B4,clean!$D$2:$D$998,avg!$C4,clean!$E$2:$E$998,avg!$D4,clean!$G$2:$G$998,avg!$E4) -> 3.132962 | L4: =AVERAGEIFS(clean!M$2:M$998,clean!$B$2:$B$998,avg!$A4,clean!$C$2:$C$998,avg!$B4,clean!$D$2:$D$998,avg!$C4,clean!$E$2:$E$998,avg!$D4,clean!$G$2:$G$998,avg!$E4) -> 6.0560262 | M4: =AVERAGEIFS(clean!N$2:N$998,clean!$B$2:$B$998,avg!$A4,clean!$C$2:$C$998,avg!$B4,clean!$D$2:$D$998,avg!$C4,clean!$E$2:$E$998,avg!$D4,clean!$G$2:$G$998,avg!$E4) -> 0.0002978 | N4: =AVERAGEIFS(clean!O$2:O$998,clean!$B$2:$B$998,avg!$A4,clean!$C$2:$C$998,avg!$B4,clean!$D$2:$D$998,avg!$C4,clean!$E$2:$E$998,avg!$D4,clean!$G$2:$G$998,avg!$E4) -> 4.08e-05 | O4: =AVERAGEIFS(clean!P$2:P$998,clean!$B$2:$B$998,avg!$A4,clean!$C$2:$C$998,avg!$B4,clean!$D$2:$D$998,avg!$C4,clean!$E$2:$E$998,avg!$D4,clean!$G$2:$G$998,avg!$E4) -> 2.79e-05 | ... R4: =AVERAGEIFS(clean!S$2:S$998,clean!$B$2:$B$998,avg!$A4,clean!$C$2:$C$998,avg!$B4,clean!$D$2:$D$998,avg!$C4,clean!$E$2:$E$998,avg!$D4,clean!$G$2:$G$998,avg!$E4) -> 2.7140335
A5: 65536 | B5: 7 | C5: 512 | D5: 0.5 | E5: 7 | F5: =AVERAGEIFS(clean!H$2:H$998,clean!$B$2:$B$998,avg!$A5,clean!$C$2:$C$998,avg!$B5,clean!$D$2:$D$998,avg!$C5,clean!$E$2:$E$998,avg!$D5,clean!$G$2:$G$998,avg!$E5) -> 255 | G5: =AVERAGEIFS(clean!$F$2:$F$998,clean!$B$2:$B$998,avg!$A5,clean!$C$2:$C$998,avg!$B5,clean!$D$2:$D$998,avg!$C5,clean!$E$2:$E$998,avg!$D5,clean!$G$2:$G$998,avg!$E5) -> 3400 | H5: =AVERAGEIFS(clean!I$2:I$998,clean!$B$2:$B$998,avg!$A5,clean!$C$2:$C$998,avg!$B5,clean!$D$2:$D$998,avg!$C5,clean!$E$2:$E$998,avg!$D5,clean!$G$2:$G$998,avg!$E5) -> 4.566 | I5: =AVERAGEIFS(clean!J$2:J$998,clean!$B$2:$B$998,avg!$A5,clean!$C$2:$C$998,avg!$B5,clean!$D$2:$D$998,avg!$C5,clean!$E$2:$E$998,avg!$D5,clean!$G$2:$G$998,avg!$E5) -> 21.047 | J5: =AVERAGEIFS(clean!K$2:K$998,clean!$B$2:$B$998,avg!$A5,clean!$C$2:$C$998,avg!$B5,clean!$D$2:$D$998,avg!$C5,clean!$E$2:$E$998,avg!$D5,clean!$G$2:$G$998,avg!$E5) -> 4.609505 | K5: =AVERAGEIFS(clean!L$2:L$998,clean!$B$2:$B$998,avg!$A5,clean!$C$2:$C$998,avg!$B5,clean!$D$2:$D$998,avg!$C5,clean!$E$2:$E$998,avg!$D5,clean!$G$2:$G$998,avg!$E5) -> 4.8746825 | L5: =AVERAGEIFS(clean!M$2:M$998,clean!$B$2:$B$998,avg!$A5,clean!$C$2:$C$998,avg!$B5,clean!$D$2:$D$998,avg!$C5,clean!$E$2:$E$998,avg!$D5,clean!$G$2:$G$998,avg!$E5) -> 14.596312 | M5: =AVERAGEIFS(clean!N$2:N$998,clean!$B$2:$B$998,avg!$A5,clean!$C$2:$C$998,avg!$B5,clean!$D$2:$D$998,avg!$C5,clean!$E$2:$E$998,avg!$D5,clean!$G$2:$G$998,avg!$E5) -> 0.0005495 | N5: =AVERAGEIFS(clean!O$2:O$998,clean!$B$2:$B$998,avg!$A5,clean!$C$2:$C$998,avg!$B5,clean!$D$2:$D$998,avg!$C5,clean!$E$2:$E$998,avg!$D5,clean!$G$2:$G$998,avg!$E5) -> 2.96e-05 | O5: =AVERAGEIFS(clean!P$2:P$998,clean!$B$2:$B$998,avg!$A5,clean!$C$2:$C$998,avg!$B5,clean!$D$2:$D$998,avg!$C5,clean!$E$2:$E$998,avg!$D5,clean!$G$2:$G$998,avg!$E5) -> 1.46e-05 | ... R5: =AVERAGEIFS(clean!S$2:S$998,clean!$B$2:$B$998,avg!$A5,clean!$C$2:$C$998,avg!$B5,clean!$D$2:$D$998,avg!$C5,clean!$E$2:$E$998,avg!$D5,clean!$G$2:$G$998,avg!$E5) -> 4.1055375
A6: 65536 | B6: 7 | C6: 512 | D6: 0.35 | E6: 7 | F6: =AVERAGEIFS(clean!H$2:H$998,clean!$B$2:$B$998,avg!$A6,clean!$C$2:$C$998,avg!$B6,clean!$D$2:$D$998,avg!$C6,clean!$E$2:$E$998,avg!$D6,clean!$G$2:$G$998,avg!$E6) -> 255 | G6: =AVERAGEIFS(clean!$F$2:$F$998,clean!$B$2:$B$998,avg!$A6,clean!$C$2:$C$998,avg!$B6,clean!$D$2:$D$998,avg!$C6,clean!$E$2:$E$998,avg!$D6,clean!$G$2:$G$998,avg!$E6) -> 7628 | H6: =AVERAGEIFS(clean!I$2:I$998,clean!$B$2:$B$998,avg!$A6,clean!$C$2:$C$998,avg!$B6,clean!$D$2:$D$998,avg!$C6,clean!$E$2:$E$998,avg!$D6,clean!$G$2:$G$998,avg!$E6) -> 7.279 | I6: =AVERAGEIFS(clean!J$2:J$998,clean!$B$2:$B$998,avg!$A6,clean!$C$2:$C$998,avg!$B6,clean!$D$2:$D$998,avg!$C6,clean!$E$2:$E$998,avg!$D6,clean!$G$2:$G$998,avg!$E6) -> 41.997 | J6: =AVERAGEIFS(clean!K$2:K$998,clean!$B$2:$B$998,avg!$A6,clean!$C$2:$C$998,avg!$B6,clean!$D$2:$D$998,avg!$C6,clean!$E$2:$E$998,avg!$D6,clean!$G$2:$G$998,avg!$E6) -> 5.7696112 | K6: =AVERAGEIFS(clean!L$2:L$998,clean!$B$2:$B$998,avg!$A6,clean!$C$2:$C$998,avg!$B6,clean!$D$2:$D$998,avg!$C6,clean!$E$2:$E$998,avg!$D6,clean!$G$2:$G$998,avg!$E6) -> 7.1936816 | L6: =AVERAGEIFS(clean!M$2:M$998,clean!$B$2:$B$998,avg!$A6,clean!$C$2:$C$998,avg!$B6,clean!$D$2:$D$998,avg!$C6,clean!$E$2:$E$998,avg!$D6,clean!$G$2:$G$998,avg!$E6) -> 32.877586 | M6: =AVERAGEIFS(clean!N$2:N$998,clean!$B$2:$B$998,avg!$A6,clean!$C$2:$C$998,avg!$B6,clean!$D$2:$D$998,avg!$C6,clean!$E$2:$E$998,avg!$D6,clean!$G$2:$G$998,avg!$E6) -> 0.0011131 | N6: =AVERAGEIFS(clean!O$2:O$998,clean!$B$2:$B$998,avg!$A6,clean!$C$2:$C$998,avg!$B6,clean!$D$2:$D$998,avg!$C6,clean!$E$2:$E$998,avg!$D6,clean!$G$2:$G$998,avg!$E6) -> 4.7e-05 | O6: =AVERAGEIFS(clean!P$2:P$998,clean!$B$2:$B$998,avg!$A6,clean!$C$2:$C$998,avg!$B6,clean!$D$2:$D$998,avg!$C6,clean!$E$2:$E$998,avg!$D6,clean!$G$2:$G$998,avg!$E6) -> 2.5e-05 | ... R6: =AVERAGEIFS(clean!S$2:S$998,clean!$B$2:$B$998,avg!$A6,clean!$C$2:$C$998,avg!$B6,clean!$D$2:$D$998,avg!$C6,clean!$E$2:$E$998,avg!$D6,clean!$G$2:$G$998,avg!$E6) -> 6.8203329
A7: 65536 | B7: 7 | C7: 512 | D7: 0.2 | E7: 7 | F7: =AVERAGEIFS(clean!H$2:H$998,clean!$B$2:$B$998,avg!$A7,clean!$C$2:$C$998,avg!$B7,clean!$D$2:$D$998,avg!$C7,clean!$E$2:$E$998,avg!$D7,clean!$G$2:$G$998,avg!$E7) -> 255 | G7: =AVERAGEIFS(clean!$F$2:$F$998,clean!$B$2:$B$998,avg!$A7,clean!$C$2:$C$998,avg!$B7,clean!$D$2:$D$998,avg!$C7,clean!$E$2:$E$998,avg!$D7,clean!$G$2:$G$998,avg!$E7) -> 15804 | H7: =AVERAGEIFS(clean!I$2:I$998,clean!$B$2:$B$998,avg!$A7,clean!$C$2:$C$998,avg!$B7,clean!$D$2:$D$998,avg!$C7,clean!$E$2:$E$998,avg!$D7,clean!$G$2:$G$998,avg!$E7) -> 11.931 | I7: =AVERAGEIFS(clean!J$2:J$998,clean!$B$2:$B$998,avg!$A7,clean!$C$2:$C$998,avg!$B7,clean!$D$2:$D$998,avg!$C7,clean!$E$2:$E$998,avg!$D7,clean!$G$2:$G$998,avg!$E7) -> 72.912 | J7: =AVERAGEIFS(clean!K$2:K$998,clean!$B$2:$B$998,avg!$A7,clean!$C$2:$C$998,avg!$B7,clean!$D$2:$D$998,avg!$C7,clean!$E$2:$E$998,avg!$D7,clean!$G$2:$G$998,avg!$E7) -> 6.2587137 | K7: =AVERAGEIFS(clean!L$2:L$998,clean!$B$2:$B$998,avg!$A7,clean!$C$2:$C$998,avg!$B7,clean!$D$2:$D$998,avg!$C7,clean!$E$2:$E$998,avg!$D7,clean!$G$2:$G$998,avg!$E7) -> 0.7216272 | L7: =AVERAGEIFS(clean!M$2:M$998,clean!$B$2:$B$998,avg!$A7,clean!$C$2:$C$998,avg!$B7,clean!$D$2:$D$998,avg!$C7,clean!$E$2:$E$998,avg!$D7,clean!$G$2:$G$998,avg!$E7) -> 70.339205 | M7: =AVERAGEIFS(clean!N$2:N$998,clean!$B$2:$B$998,avg!$A7,clean!$C$2:$C$998,avg!$B7,clean!$D$2:$D$998,avg!$C7,clean!$E$2:$E$998,avg!$D7,clean!$G$2:$G$998,avg!$E7) -> 0.00167196 | N7: =AVERAGEIFS(clean!O$2:O$998,clean!$B$2:$B$998,avg!$A7,clean!$C$2:$C$998,avg!$B7,clean!$D$2:$D$998,avg!$C7,clean!$E$2:$E$998,avg!$D7,clean!$G$2:$G$998,avg!$E7) -> 3.462e-05 | O7: =AVERAGEIFS(clean!P$2:P$998,clean!$B$2:$B$998,avg!$A7,clean!$C$2:$C$998,avg!$B7,clean!$D$2:$D$998,avg!$C7,clean!$E$2:$E$998,avg!$D7,clean!$G$2:$G$998,avg!$E7) -> 0.57907556 | ... R7: =AVERAGEIFS(clean!S$2:S$998,clean!$B$2:$B$998,avg!$A7,clean!$C$2:$C$998,avg!$B7,clean!$D$2:$D$998,avg!$C7,clean!$E$2:$E$998,avg!$D7,clean!$G$2:$G$998,avg!$E7) -> 6.0791123
A8: 65536 | B8: 6 | C8: 343 | D8: 0.95 | E8: 8 | F8: =AVERAGEIFS(clean!H$2:H$998,clean!$B$2:$B$998,avg!$A8,clean!$C$2:$C$998,avg!$B8,clean!$D$2:$D$998,avg!$C8,clean!$E$2:$E$998,avg!$D8,clean!$G$2:$G$998,avg!$E8) -> 511 | G8: =AVERAGEIFS(clean!$F$2:$F$998,clean!$B$2:$B$998,avg!$A8,clean!$C$2:$C$998,avg!$B8,clean!$D$2:$D$998,avg!$C8,clean!$E$2:$E$998,avg!$D8,clean!$G$2:$G$998,avg!$E8) -> 1024 | H8: =AVERAGEIFS(clean!I$2:I$998,clean!$B$2:$B$998,avg!$A8,clean!$C$2:$C$998,avg!$B8,clean!$D$2:$D$998,avg!$C8,clean!$E$2:$E$998,avg!$D8,clean!$G$2:$G$998,avg!$E8) -> 1.465 | I8: =AVERAGEIFS(clean!J$2:J$998,clean!$B$2:$B$998,avg!$A8,clean!$C$2:$C$998,avg!$B8,clean!$D$2:$D$998,avg!$C8,clean!$E$2:$E$998,avg!$D8,clean!$G$2:$G$998,avg!$E8) -> 3.089 | J8: =AVERAGEIFS(clean!K$2:K$998,clean!$B$2:$B$998,avg!$A8,clean!$C$2:$C$998,avg!$B8,clean!$D$2:$D$998,avg!$C8,clean!$E$2:$E$998,avg!$D8,clean!$G$2:$G$998,avg!$E8) -> 2.1085324 | K8: =AVERAGEIFS(clean!L$2:L$998,clean!$B$2:$B$998,avg!$A8,clean!$C$2:$C$998,avg!$B8,clean!$D$2:$D$998,avg!$C8,clean!$E$2:$E$998,avg!$D8,clean!$G$2:$G$998,avg!$E8) -> 0.6765739 | L8: =AVERAGEIFS(clean!M$2:M$998,clean!$B$2:$B$998,avg!$A8,clean!$C$2:$C$998,avg!$B8,clean!$D$2:$D$998,avg!$C8,clean!$E$2:$E$998,avg!$D8,clean!$G$2:$G$998,avg!$E8) -> 1.0645752 | M8: =AVERAGEIFS(clean!N$2:N$998,clean!$B$2:$B$998,avg!$A8,clean!$C$2:$C$998,avg!$B8,clean!$D$2:$D$998,avg!$C8,clean!$E$2:$E$998,avg!$D8,clean!$G$2:$G$998,avg!$E8) -> 0.000176 | N8: =AVERAGEIFS(clean!O$2:O$998,clean!$B$2:$B$998,avg!$A8,clean!$C$2:$C$998,avg!$B8,clean!$D$2:$D$998,avg!$C8,clean!$E$2:$E$998,avg!$D8,clean!$G$2:$G$998,avg!$E8) -> 3.65e-05 | O8: =AVERAGEIFS(clean!P$2:P$998,clean!$B$2:$B$998,avg!$A8,clean!$C$2:$C$998,avg!$B8,clean!$D$2:$D$998,avg!$C8,clean!$E$2:$E$998,avg!$D8,clean!$G$2:$G$998,avg!$E8) -> 3.06e-05 | ... R8: =AVERAGEIFS(clean!S$2:S$998,clean!$B$2:$B$998,avg!$A8,clean!$C$2:$C$998,avg!$B8,clean!$D$2:$D$998,avg!$C8,clean!$E$2:$E$998,avg!$D8,clean!$G$2:$G$998,avg!$E8) -> 1.4443149
A9: 65536 | B9: 6 | C9: 343 | D9: 0.8 | E9: 8 | F9: =AVERAGEIFS(clean!H$2:H$998,clean!$B$2:$B$998,avg!$A9,clean!$C$2:$C$998,avg!$B9,clean!$D$2:$D$998,avg!$C9,clean!$E$2:$E$998,avg!$D9,clean!$G$2:$G$998,avg!$E9) -> 511 | G9: =AVERAGEIFS(clean!$F$2:$F$998,clean!$B$2:$B$998,avg!$A9,clean!$C$2:$C$998,avg!$B9,clean!$D$2:$D$998,avg!$C9,clean!$E$2:$E$998,avg!$D9,clean!$G$2:$G$998,avg!$E9) -> 1968 | H9: =AVERAGEIFS(clean!I$2:I$998,clean!$B$2:$B$998,avg!$A9,clean!$C$2:$C$998,avg!$B9,clean!$D$2:$D$998,avg!$C9,clean!$E$2:$E$998,avg!$D9,clean!$G$2:$G$998,avg!$E9) -> 1.838 | I9: =AVERAGEIFS(clean!J$2:J$998,clean!$B$2:$B$998,avg!$A9,clean!$C$2:$C$998,avg!$B9,clean!$D$2:$D$998,avg!$C9,clean!$E$2:$E$998,avg!$D9,clean!$G$2:$G$998,avg!$E9) -> 5.342 | J9: =AVERAGEIFS(clean!K$2:K$998,clean!$B$2:$B$998,avg!$A9,clean!$C$2:$C$998,avg!$B9,clean!$D$2:$D$998,avg!$C9,clean!$E$2:$E$998,avg!$D9,clean!$G$2:$G$998,avg!$E9) -> 2.90642 | K9: =AVERAGEIFS(clean!L$2:L$998,clean!$B$2:$B$998,avg!$A9,clean!$C$2:$C$998,avg!$B9,clean!$D$2:$D$998,avg!$C9,clean!$E$2:$E$998,avg!$D9,clean!$G$2:$G$998,avg!$E9) -> 1.93746 | L9: =AVERAGEIFS(clean!M$2:M$998,clean!$B$2:$B$998,avg!$A9,clean!$C$2:$C$998,avg!$B9,clean!$D$2:$D$998,avg!$C9,clean!$E$2:$E$998,avg!$D9,clean!$G$2:$G$998,avg!$E9) -> 2.0443324 | M9: =AVERAGEIFS(clean!N$2:N$998,clean!$B$2:$B$998,avg!$A9,clean!$C$2:$C$998,avg!$B9,clean!$D$2:$D$998,avg!$C9,clean!$E$2:$E$998,avg!$D9,clean!$G$2:$G$998,avg!$E9) -> 0.0004146 | N9: =AVERAGEIFS(clean!O$2:O$998,clean!$B$2:$B$998,avg!$A9,clean!$C$2:$C$998,avg!$B9,clean!$D$2:$D$998,avg!$C9,clean!$E$2:$E$998,avg!$D9,clean!$G$2:$G$998,avg!$E9) -> 4.22e-05 | O9: =AVERAGEIFS(clean!P$2:P$998,clean!$B$2:$B$998,avg!$A9,clean!$C$2:$C$998,avg!$B9,clean!$D$2:$D$998,avg!$C9,clean!$E$2:$E$998,avg!$D9,clean!$G$2:$G$998,avg!$E9) -> 1.22e-05 | ... R9: =AVERAGEIFS(clean!S$2:S$998,clean!$B$2:$B$998,avg!$A9,clean!$C$2:$C$998,avg!$B9,clean!$D$2:$D$998,avg!$C9,clean!$E$2:$E$998,avg!$D9,clean!$G$2:$G$998,avg!$E9) -> 1.8261859
A10: 65536 | B10: 6 | C10: 343 | D10: 0.65 | E10: 8 | F10: =AVERAGEIFS(clean!H$2:H$998,clean!$B$2:$B$998,avg!$A10,clean!$C$2:$C$998,avg!$B10,clean!$D$2:$D$998,avg!$C10,clean!$E$2:$E$998,avg!$D10,clean!$G$2:$G$998,avg!$E10) -> 511 | G10: =AVERAGEIFS(clean!$F$2:$F$998,clean!$B$2:$B$998,avg!$A10,clean!$C$2:$C$998,avg!$B10,clean!$D$2:$D$998,avg!$C10,clean!$E$2:$E$998,avg!$D10,clean!$G$2:$G$998,avg!$E10) -> 3468 | H10: =AVERAGEIFS(clean!I$2:I$998,clean!$B$2:$B$998,avg!$A10,clean!$C$2:$C$998,avg!$B10,clean!$D$2:$D$998,avg!$C10,clean!$E$2:$E$998,avg!$D10,clean!$G$2:$G$998,avg!$E10) -> 2.793 | I10: =AVERAGEIFS(clean!J$2:J$998,clean!$B$2:$B$998,avg!$A10,clean!$C$2:$C$998,avg!$B10,clean!$D$2:$D$998,avg!$C10,clean!$E$2:$E$998,avg!$D10,clean!$G$2:$G$998,avg!$E10) -> 7.992 | J10: =AVERAGEIFS(clean!K$2:K$998,clean!$B$2:$B$998,avg!$A10,clean!$C$2:$C$998,avg!$B10,clean!$D$2:$D$998,avg!$C10,clean!$E$2:$E$998,avg!$D10,clean!$G$2:$G$998,avg!$E10) -> 2.8614393 | K10: =AVERAGEIFS(clean!L$2:L$998,clean!$B$2:$B$998,avg!$A10,clean!$C$2:$C$998,avg!$B10,clean!$D$2:$D$998,avg!$C10,clean!$E$2:$E$998,avg!$D10,clean!$G$2:$G$998,avg!$E10) -> 2.6416811 | L10: =AVERAGEIFS(clean!M$2:M$998,clean!$B$2:$B$998,avg!$A10,clean!$C$2:$C$998,avg!$B10,clean!$D$2:$D$998,avg!$C10,clean!$E$2:$E$998,avg!$D10,clean!$G$2:$G$998,avg!$E10) -> 3.6282809 | M10: =AVERAGEIFS(clean!N$2:N$998,clean!$B$2:$B$998,avg!$A10,clean!$C$2:$C$998,avg!$B10,clean!$D$2:$D$998,avg!$C10,clean!$E$2:$E$998,avg!$D10,clean!$G$2:$G$998,avg!$E10) -> 0.0006893 | N10: =AVERAGEIFS(clean!O$2:O$998,clean!$B$2:$B$998,avg!$A10,clean!$C$2:$C$998,avg!$B10,clean!$D$2:$D$998,avg!$C10,clean!$E$2:$E$998,avg!$D10,clean!$G$2:$G$998,avg!$E10) -> 3.71e-05 | O10: =AVERAGEIFS(clean!P$2:P$998,clean!$B$2:$B$998,avg!$A10,clean!$C$2:$C$998,avg!$B10,clean!$D$2:$D$998,avg!$C10,clean!$E$2:$E$998,avg!$D10,clean!$G$2:$G$998,avg!$E10) -> 1.67e-05 | ... R10: =AVERAGEIFS(clean!S$2:S$998,clean!$B$2:$B$998,avg!$A10,clean!$C$2:$C$998,avg!$B10,clean!$D$2:$D$998,avg!$C10,clean!$E$2:$E$998,avg!$D10,clean!$G$2:$G$998,avg!$E10) -> 2.1470101
A11: 65536 | B11: 6 | C11: 343 | D11: 0.5 | E11: 8 | F11: =AVERAGEIFS(clean!H$2:H$998,clean!$B$2:$B$998,avg!$A11,clean!$C$2:$C$998,avg!$B11,clean!$D$2:$D$998,avg!$C11,clean!$E$2:$E$998,avg!$D11,clean!$G$2:$G$998,avg!$E11) -> 511 | G11: =AVERAGEIFS(clean!$F$2:$F$998,clean!$B$2:$B$998,avg!$A11,clean!$C$2:$C$998,avg!$B11,clean!$D$2:$D$998,avg!$C11,clean!$E$2:$E$998,avg!$D11,clean!$G$2:$G$998,avg!$E11) -> 8900 | H11: =AVERAGEIFS(clean!I$2:I$998,clean!$B$2:$B$998,avg!$A11,clean!$C$2:$C$998,avg!$B11,clean!$D$2:$D$998,avg!$C11,clean!$E$2:$E$998,avg!$D11,clean!$G$2:$G$998,avg!$E11) -> 3.796 | I11: =AVERAGEIFS(clean!J$2:J$998,clean!$B$2:$B$998,avg!$A11,clean!$C$2:$C$998,avg!$B11,clean!$D$2:$D$998,avg!$C11,clean!$E$2:$E$998,avg!$D11,clean!$G$2:$G$998,avg!$E11) -> 15.4 | J11: =AVERAGEIFS(clean!K$2:K$998,clean!$B$2:$B$998,avg!$A11,clean!$C$2:$C$998,avg!$B11,clean!$D$2:$D$998,avg!$C11,clean!$E$2:$E$998,avg!$D11,clean!$G$2:$G$998,avg!$E11) -> 4.056902 | K11: =AVERAGEIFS(clean!L$2:L$998,clean!$B$2:$B$998,avg!$A11,clean!$C$2:$C$998,avg!$B11,clean!$D$2:$D$998,avg!$C11,clean!$E$2:$E$998,avg!$D11,clean!$G$2:$G$998,avg!$E11) -> 4.772268 | L11: =AVERAGEIFS(clean!M$2:M$998,clean!$B$2:$B$998,avg!$A11,clean!$C$2:$C$998,avg!$B11,clean!$D$2:$D$998,avg!$C11,clean!$E$2:$E$998,avg!$D11,clean!$G$2:$G$998,avg!$E11) -> 9.2513382 | M11: =AVERAGEIFS(clean!N$2:N$998,clean!$B$2:$B$998,avg!$A11,clean!$C$2:$C$998,avg!$B11,clean!$D$2:$D$998,avg!$C11,clean!$E$2:$E$998,avg!$D11,clean!$G$2:$G$998,avg!$E11) -> 0.0013051 | N11: =AVERAGEIFS(clean!O$2:O$998,clean!$B$2:$B$998,avg!$A11,clean!$C$2:$C$998,avg!$B11,clean!$D$2:$D$998,avg!$C11,clean!$E$2:$E$998,avg!$D11,clean!$G$2:$G$998,avg!$E11) -> 4.79e-05 | O11: =AVERAGEIFS(clean!P$2:P$998,clean!$B$2:$B$998,avg!$A11,clean!$C$2:$C$998,avg!$B11,clean!$D$2:$D$998,avg!$C11,clean!$E$2:$E$998,avg!$D11,clean!$G$2:$G$998,avg!$E11) -> 1.35e-05 | ... R11: =AVERAGEIFS(clean!S$2:S$998,clean!$B$2:$B$998,avg!$A11,clean!$C$2:$C$998,avg!$B11,clean!$D$2:$D$998,avg!$C11,clean!$E$2:$E$998,avg!$D11,clean!$G$2:$G$998,avg!$E11) -> 3.3358282
A12: 65536 | B12: 6 | C12: 343 | D12: 0.35 | E12: 8 | F12: =AVERAGEIFS(clean!H$2:H$998,clean!$B$2:$B$998,avg!$A12,clean!$C$2:$C$998,avg!$B12,clean!$D$2:$D$998,avg!$C12,clean!$E$2:$E$998,avg!$D12,clean!$G$2:$G$998,avg!$E12) -> 511 | G12: =AVERAGEIFS(clean!$F$2:$F$998,clean!$B$2:$B$998,avg!$A12,clean!$C$2:$C$998,avg!$B12,clean!$D$2:$D$998,avg!$C12,clean!$E$2:$E$998,avg!$D12,clean!$G$2:$G$998,avg!$E12) -> 19320 | H12: =AVERAGEIFS(clean!I$2:I$998,clean!$B$2:$B$998,avg!$A12,clean!$C$2:$C$998,avg!$B12,clean!$D$2:$D$998,avg!$C12,clean!$E$2:$E$998,avg!$D12,clean!$G$2:$G$998,avg!$E12) -> 6.048 | I12: =AVERAGEIFS(clean!J$2:J$998,clean!$B$2:$B$998,avg!$A12,clean!$C$2:$C$998,avg!$B12,clean!$D$2:$D$998,avg!$C12,clean!$E$2:$E$998,avg!$D12,clean!$G$2:$G$998,avg!$E12) -> 30.308 | J12: =AVERAGEIFS(clean!K$2:K$998,clean!$B$2:$B$998,avg!$A12,clean!$C$2:$C$998,avg!$B12,clean!$D$2:$D$998,avg!$C12,clean!$E$2:$E$998,avg!$D12,clean!$G$2:$G$998,avg!$E12) -> 5.0112434 | K12: =AVERAGEIFS(clean!L$2:L$998,clean!$B$2:$B$998,avg!$A12,clean!$C$2:$C$998,avg!$B12,clean!$D$2:$D$998,avg!$C12,clean!$E$2:$E$998,avg!$D12,clean!$G$2:$G$998,avg!$E12) -> 8.8419037 | L12: =AVERAGEIFS(clean!M$2:M$998,clean!$B$2:$B$998,avg!$A12,clean!$C$2:$C$998,avg!$B12,clean!$D$2:$D$998,avg!$C12,clean!$E$2:$E$998,avg!$D12,clean!$G$2:$G$998,avg!$E12) -> 20.095158 | M12: =AVERAGEIFS(clean!N$2:N$998,clean!$B$2:$B$998,avg!$A12,clean!$C$2:$C$998,avg!$B12,clean!$D$2:$D$998,avg!$C12,clean!$E$2:$E$998,avg!$D12,clean!$G$2:$G$998,avg!$E12) -> 0.0029421 | N12: =AVERAGEIFS(clean!O$2:O$998,clean!$B$2:$B$998,avg!$A12,clean!$C$2:$C$998,avg!$B12,clean!$D$2:$D$998,avg!$C12,clean!$E$2:$E$998,avg!$D12,clean!$G$2:$G$998,avg!$E12) -> 8.38e-05 | O12: =AVERAGEIFS(clean!P$2:P$998,clean!$B$2:$B$998,avg!$A12,clean!$C$2:$C$998,avg!$B12,clean!$D$2:$D$998,avg!$C12,clean!$E$2:$E$998,avg!$D12,clean!$G$2:$G$998,avg!$E12) -> 4.16e-05 | ... R12: =AVERAGEIFS(clean!S$2:S$998,clean!$B$2:$B$998,avg!$A12,clean!$C$2:$C$998,avg!$B12,clean!$D$2:$D$998,avg!$C12,clean!$E$2:$E$998,avg!$D12,clean!$G$2:$G$998,avg!$E12) -> 5.5905411
A13: 65536 | B13: 6 | C13: 343 | D13: 0.2 | E13: 8 | F13: =AVERAGEIFS(clean!H$2:H$998,clean!$B$2:$B$998,avg!$A13,clean!$C$2:$C$998,avg!$B13,clean!$D$2:$D$998,avg!$C13,clean!$E$2:$E$998,avg!$D13,clean!$G$2:$G$998,avg!$E13) -> 511 | G13: =AVERAGEIFS(clean!$F$2:$F$998,clean!$B$2:$B$998,avg!$A13,clean!$C$2:$C$998,avg!$B13,clean!$D$2:$D$998,avg!$C13,clean!$E$2:$E$998,avg!$D13,clean!$G$2:$G$998,avg!$E13) -> 56071.2 | H13: =AVERAGEIFS(clean!I$2:I$998,clean!$B$2:$B$998,avg!$A13,clean!$C$2:$C$998,avg!$B13,clean!$D$2:$D$998,avg!$C13,clean!$E$2:$E$998,avg!$D13,clean!$G$2:$G$998,avg!$E13) -> 10.8858 | I13: =AVERAGEIFS(clean!J$2:J$998,clean!$B$2:$B$998,avg!$A13,clean!$C$2:$C$998,avg!$B13,clean!$D$2:$D$998,avg!$C13,clean!$E$2:$E$998,avg!$D13,clean!$G$2:$G$998,avg!$E13) -> 62.1748 | J13: =AVERAGEIFS(clean!K$2:K$998,clean!$B$2:$B$998,avg!$A13,clean!$C$2:$C$998,avg!$B13,clean!$D$2:$D$998,avg!$C13,clean!$E$2:$E$998,avg!$D13,clean!$G$2:$G$998,avg!$E13) -> 5.7542944 | K13: =AVERAGEIFS(clean!L$2:L$998,clean!$B$2:$B$998,avg!$A13,clean!$C$2:$C$998,avg!$B13,clean!$D$2:$D$998,avg!$C13,clean!$E$2:$E$998,avg!$D13,clean!$G$2:$G$998,avg!$E13) -> 4.0054908 | L13: =AVERAGEIFS(clean!M$2:M$998,clean!$B$2:$B$998,avg!$A13,clean!$C$2:$C$998,avg!$B13,clean!$D$2:$D$998,avg!$C13,clean!$E$2:$E$998,avg!$D13,clean!$G$2:$G$998,avg!$E13) -> 56.765283 | M13: =AVERAGEIFS(clean!N$2:N$998,clean!$B$2:$B$998,avg!$A13,clean!$C$2:$C$998,avg!$B13,clean!$D$2:$D$998,avg!$C13,clean!$E$2:$E$998,avg!$D13,clean!$G$2:$G$998,avg!$E13) -> 0.00633534 | N13: =AVERAGEIFS(clean!O$2:O$998,clean!$B$2:$B$998,avg!$A13,clean!$C$2:$C$998,avg!$B13,clean!$D$2:$D$998,avg!$C13,clean!$E$2:$E$998,avg!$D13,clean!$G$2:$G$998,avg!$E13) -> 7.188e-05 | O13: =AVERAGEIFS(clean!P$2:P$998,clean!$B$2:$B$998,avg!$A13,clean!$C$2:$C$998,avg!$B13,clean!$D$2:$D$998,avg!$C13,clean!$E$2:$E$998,avg!$D13,clean!$G$2:$G$998,avg!$E13) -> 0.28606586 | ... R13: =AVERAGEIFS(clean!S$2:S$998,clean!$B$2:$B$998,avg!$A13,clean!$C$2:$C$998,avg!$B13,clean!$D$2:$D$998,avg!$C13,clean!$E$2:$E$998,avg!$D13,clean!$G$2:$G$998,avg!$E13) -> 5.7546254
... A151: 1048576 | B151: 4 | C151: 125 | D151: 0.2 | E151: 14 | F151: =AVERAGEIFS(clean!H$2:H$998,clean!$B$2:$B$998,avg!$A151,clean!$C$2:$C$998,avg!$B151,clean!$D$2:$D$998,avg!$C151,clean!$E$2:$E$998,avg!$D151,clean!$G$2:$G$998,avg!$E151) -> 32767 | G151: =AVERAGEIFS(clean!$F$2:$F$998,clean!$B$2:$B$998,avg!$A151,clean!$C$2:$C$998,avg!$B151,clean!$D$2:$D$998,avg!$C151,clean!$E$2:$E$998,avg!$D151,clean!$G$2:$G$998,avg!$E151) -> 9804456 | H151: =AVERAGEIFS(clean!I$2:I$998,clean!$B$2:$B$998,avg!$A151,clean!$C$2:$C$998,avg!$B151,clean!$D$2:$D$998,avg!$C151,clean!$E$2:$E$998,avg!$D151,clean!$G$2:$G$998,avg!$E151) -> 234.171 | I151: =AVERAGEIFS(clean!J$2:J$998,clean!$B$2:$B$998,avg!$A151,clean!$C$2:$C$998,avg!$B151,clean!$D$2:$D$998,avg!$C151,clean!$E$2:$E$998,avg!$D151,clean!$G$2:$G$998,avg!$E151) -> 1427.2233 | J151: =AVERAGEIFS(clean!K$2:K$998,clean!$B$2:$B$998,avg!$A151,clean!$C$2:$C$998,avg!$B151,clean!$D$2:$D$998,avg!$C151,clean!$E$2:$E$998,avg!$D151,clean!$G$2:$G$998,avg!$E151) -> 6.09469 | K151: =AVERAGEIFS(clean!L$2:L$998,clean!$B$2:$B$998,avg!$A151,clean!$C$2:$C$998,avg!$B151,clean!$D$2:$D$998,avg!$C151,clean!$E$2:$E$998,avg!$D151,clean!$G$2:$G$998,avg!$E151) -> 830.38332 | L151: =AVERAGEIFS(clean!M$2:M$998,clean!$B$2:$B$998,avg!$A151,clean!$C$2:$C$998,avg!$B151,clean!$D$2:$D$998,avg!$C151,clean!$E$2:$E$998,avg!$D151,clean!$G$2:$G$998,avg!$E151) -> 582.10306 | M151: =AVERAGEIFS(clean!N$2:N$998,clean!$B$2:$B$998,avg!$A151,clean!$C$2:$C$998,avg!$B151,clean!$D$2:$D$998,avg!$C151,clean!$E$2:$E$998,avg!$D151,clean!$G$2:$G$998,avg!$E151) -> 2.0347501 | N151: =AVERAGEIFS(clean!O$2:O$998,clean!$B$2:$B$998,avg!$A151,clean!$C$2:$C$998,avg!$B151,clean!$D$2:$D$998,avg!$C151,clean!$E$2:$E$998,avg!$D151,clean!$G$2:$G$998,avg!$E151) -> 0.93537723 | O151: =AVERAGEIFS(clean!P$2:P$998,clean!$B$2:$B$998,avg!$A151,clean!$C$2:$C$998,avg!$B151,clean!$D$2:$D$998,avg!$C151,clean!$E$2:$E$998,avg!$D151,clean!$G$2:$G$998,avg!$E151) -> 4.86e-05 | ... R151: =AVERAGEIFS(clean!S$2:S$998,clean!$B$2:$B$998,avg!$A151,clean!$C$2:$C$998,avg!$B151,clean!$D$2:$D$998,avg!$C151,clean!$E$2:$E$998,avg!$D151,clean!$G$2:$G$998,avg!$E151) -> 86.193203

Sheet numbers only
A1: N | B1: n | C1: N0 | D1: eta | E1: Level | F1: Boxes | G1: E2_neighbors | H1: gpu_time | I1: cpu_time | J1: speedup | K1: cpu_M2L_time | L1: cpu_P2P_time | M1: Data_collection_time | N1: M2L_data_transfer | O1: GPU_M2L_time | P1: P2P_data_transfer | Q1: GPU_P2P_time | R1: update_time
A2: 65536 | B2: 7 | C2: 512 | D2: 0.2 | E2: 7 | F2: 255 | G2: 15804 | H2: 11.931 | I2: 72.912 | J2: 6.2587137 | K2: 0.7216272 | L2: 70.339205 | M2: 0.00167196 | N2: 3.462e-05 | O2: 0.57907556 | P2: 8.912e-05 | Q2: 0.22331874 | R2: 6.0791123
A3: 65536 | B3: 6 | C3: 343 | D3: 0.2 | E3: 8 | F3: 511 | G3: 56071.2 | H3: 10.8858 | I3: 62.1748 | J3: 5.7542944 | K3: 4.0054908 | L3: 56.765283 | M3: 0.00633534 | N3: 7.188e-05 | O3: 0.28606586 | P3: 0.00013428 | Q3: 0.34867576 | R3: 5.7546254
A4: 65536 | B4: 5 | C4: 216 | D4: 0.2 | E4: 9 | F4: 1023 | G4: 161722.4 | H4: 10.602 | I4: 53.4686 | J4: 5.1249648 | K4: 13.685568 | L4: 38.709443 | M4: 0.02618596 | N4: 0.00014004 | O4: 0.18493524 | P4: 3.2386234 | Q4: 0.16215766 | R4: 3.3080397
A5: 65536 | B5: 3 | C5: 64 | D5: 0.2 | E5: 10 | F5: 2047 | G5: 322307.2 | H5: 4.8124 | I5: 26.0006 | J5: 5.4032656 | K5: 6.8413372 | L5: 18.779107 | M5: 0.06820692 | N5: 0.00052844 | O5: 0.00013526 | P5: 1.5372908 | Q5: 9.56e-05 | R5: 2.7318308
A6: 65536 | B6: 4 | C6: 125 | D6: 0.2 | E6: 10 | F6: 2047 | G6: 322642.4 | H6: 9.2754 | I6: 45.2982 | J6: 5.0031287 | K6: 25.521408 | L6: 18.855131 | M6: 0.06241836 | N6: 0.00038934 | O6: 0.18432196 | P6: 4.5711889 | Q6: 0.17158698 | R6: 1.7253528
A7: 131072 | B7: 7 | C7: 512 | D7: 0.2 | E7: 8 | F7: 511 | G7: 56377.333 | H7: 34.676 | I7: 251.00033 | J7: 7.238777 | K7: 8.3961808 | L7: 239.33278 | M7: 0.011128 | N7: 7.8366667e-05 | O7: 0.00017766667 | P7: 0.0001428 | Q7: 4.5133333e-05 | R7: 34.400493 | T7: N~Box
A8: 131072 | B8: 6 | C8: 343 | D8: 0.2 | E8: 9 | F8: 1023 | G8: 164132 | H8: 31.374333 | I8: 204.96633 | J8: 6.5333932 | K8: 33.902437 | L8: 167.93805 | M8: 0.022537233 | N8: 0.00013766667 | O8: 0.00019403333 | P8: 8.8660096 | Q8: 7.21e-05 | R8: 22.211498 | T8: eta ! Speedup
A9: 131072 | B9: 5 | C9: 216 | D9: 0.2 | E9: 10 | F9: 2047 | G9: 330976 | H9: 27.748333 | I9: 155.235 | J9: 5.5952053 | K9: 72.527628 | L9: 80.464154 | M9: 0.060704333 | N9: 0.0004823 | O9: 0.00012276667 | P9: 16.177199 | Q9: 6.13e-05 | R9: 11.227738 | T9: E2 ~ speedup
A10: 131072 | B10: 3 | C10: 64 | D10: 0.2 | E10: 11 | F10: 4095 | G10: 913526.67 | H10: 11.31 | I10: 68.608667 | J10: 6.0711286 | K10: 14.196694 | L10: 53.629883 | M10: 0.1617247 | N10: 0.24165667 | O10: 8.58e-05 | P10: 2.7824173 | Q10: 8.45e-05 | R10: 7.7071765 | T10: E2 ~ Box
A11: 131072 | B11: 4 | C11: 125 | D11: 0.2 | E11: 11 | F11: 4095 | G11: 913249.33 | H11: 17.952667 | I11: 108.09733 | J11: 6.0216455 | K11: 52.46344 | L11: 53.956124 | M11: 0.1548732 | N11: 0.53046613 | O11: 8.4733333e-05 | P11: 8.9678856 | Q11: 8.1833333e-05 | R11: 8.017861 | T11: E2 ~ time
A12: 262144 | B12: 7 | C12: 512 | D12: 0.2 | E12: 9 | F12: 1023 | G12: 164782.67 | H12: 107.41333 | I12: 783.50767 | J12: 7.2939882 | K12: 72.487408 | L12: 704.39487 | M12: 0.020191167 | N12: 0.00018313333 | O12: 0.00011463333 | P12: 17.841933 | Q12: 4.6133333e-05 | R12: 89.014442 | T12: Box ? Speedup
A13: 262144 | B13: 6 | C13: 343 | D13: 0.2 | E13: 10 | F13: 2047 | G13: 335220 | H13: 86.901333 | I13: 529.90233 | J13: 6.0974588 | K13: 178.54568 | L13: 345.67726 | M13: 0.0570803 | N13: 0.0005167 | O13: 7.6166667e-05 | P13: 41.203707 | Q13: 4.6366667e-05 | R13: 45.310539 | T13: n ? Speedup
A14: 262144 | B14: 5 | C14: 216 | D14: 0.2 | E14: 11 | F14: 4095 | G14: 937716 | H14: 65.172667 | I14: 382.396 | J14: 5.8672959 | K14: 149.42826 | L14: 228.36831 | M14: 0.14631423 | N14: 1.6128907 | O14: 4.7833333e-05 | P14: 31.339792 | Q14: 7.62e-05 | R14: 31.742085 | T14: n ! Box
A15: 262144 | B15: 3 | C15: 64 | D15: 0.2 | E15: 12 | F15: 8191 | G15: 2186546 | H15: 27.0495 | I15: 173.3395 | J15: 6.4079234 | K15: 41.527497 | L15: 129.97734 | M15: 0.4012448 | N15: 0.02024395 | O15: 6.71e-05 | P15: 7.9888809 | Q15: 6.9e-05 | R15: 18.416521
A16: 262144 | B16: 4 | C16: 125 | D16: 0.2 | E16: 12 | F16: 8191 | G16: 2184618.7 | H16: 46.543667 | I16: 284.47333 | J16: 6.1122092 | K16: 151.96369 | L16: 128.87585 | M16: 0.60006667 | N16: 0.23518093 | O16: 6.06e-05 | P16: 26.227106 | Q16: 6.1333333e-05 | R16: 19.147644
A17: 524288 | B17: 7 | C17: 512 | D17: 0.2 | E17: 10 | F17: 2047 | G17: 338188 | H17: 266.23233 | I17: 1923.6567 | J17: 7.2252726 | K17: 411.36701 | L17: 1499.0385 | M17: 0.0587526 | N17: 0.0004714 | O17: 7.3533333e-05 | P17: 82.002753 | Q17: 4.4633333e-05 | R17: 183.70246
A18: 524288 | B18: 6 | C18: 343 | D18: 0.2 | E18: 11 | F18: 4095 | G18: 950792 | H18: 214.3835 | I18: 1367.712 | J18: 6.3795856 | K18: 369.34821 | L18: 986.96924 | M18: 0.16982685 | N18: 7.061159 | O18: 6.42e-05 | P18: 77.76702 | Q18: 7.825e-05 | R18: 128.90516
A19: 524288 | B19: 5 | C19: 216 | D19: 0.2 | E19: 12 | F19: 8191 | G19: 2242322.7 | H19: 172.34033 | I19: 998.65467 | J19: 5.7944133 | K19: 441.73589 | L19: 547.77188 | M19: 0.49217707 | N19: 2.502266 | O19: 5.6433333e-05 | P19: 92.814789 | Q19: 6.03e-05 | R19: 75.990226
A20: 524288 | B20: 3 | C20: 64 | D20: 0.2 | E20: 13 | F20: 16383 | G20: 3669428 | H20: 57.673 | I20: 351.046 | J20: 6.0864481 | K20: 129.79217 | L20: 217.64114 | M20: 0.7901733 | N20: 0.018927 | O20: 3.8166667e-05 | P20: 25.205189 | Q20: 4.0133333e-05 | R20: 31.014083
A21: 524288 | B21: 4 | C21: 125 | D21: 0.2 | E21: 13 | F21: 16383 | G21: 3667766.7 | H21: 117.35533 | I21: 704.64933 | J21: 6.004186 | K21: 479.21352 | L21: 217.91006 | M21: 1.017871 | N21: 0.5889246 | O21: 3.7166667e-05 | P21: 83.004384 | Q21: 4.5166667e-05 | R21: 32.279004
A22: 1048576 | B22: 7 | C22: 512 | D22: 0.2 | E22: 11 | F22: 4095 | G22: 958505.33 | H22: 2345.341 | I22: 5142.395 | J22: 5.2085622 | K22: 808.33168 | L22: 4307.587 | M22: 0.18180333 | N22: 16.646831 | O22: 5.7433333e-05 | P22: 1807.8073 | Q22: 7.9033333e-05 | R22: 519.97988
A23: 1048576 | B23: 6 | C23: 343 | D23: 0.2 | E23: 12 | F23: 8191 | G23: 2277813.3 | H23: 554.967 | I23: 3561.06 | J23: 6.4162024 | K23: 1125.7409 | L23: 2412.7453 | M23: 0.67094203 | N23: 13.258026 | O23: 5.9733333e-05 | P23: 230.72513 | Q23: 6.8666667e-05 | R23: 309.54465
A24: 1048576 | B24: 5 | C24: 216 | D24: 0.2 | E24: 13 | F24: 16383 | G24: 3779058.7 | H24: 431.87133 | I24: 2368.9327 | J24: 5.4851278 | K24: 1398.3503 | L24: 951.6807 | M24: 0.8081722 | N24: 5.0708182 | O24: 3.4233333e-05 | P24: 296.56636 | Q24: 5.1566667e-05 | R24: 128.65645
A25: 1048576 | B25: 3 | C25: 64 | D25: 0.2 | E25: 14 | F25: 32767 | G25: 9799316 | H25: 130.02267 | I25: 814.88667 | J25: 6.2671209 | K25: 224.96279 | L25: 582.57833 | M25: 2.1736127 | N25: 0.030907133 | O25: 3.58e-05 | P25: 43.782368 | Q25: 4.8066667e-05 | R25: 83.269858
A26: 1048576 | B26: 4 | C26: 125 | D26: 0.2 | E26: 14 | F26: 32767 | G26: 9804456 | H26: 234.171 | I26: 1427.2233 | J26: 6.09469 | K26: 830.38332 | L26: 582.10306 | M26: 2.0347501 | N26: 0.93537723 | O26: 4.86e-05 | P26: 144.17763 | Q26: 4.3666667e-05 | R26: 86.193203
... A151: 1048576 | B151: 4 | C151: 125 | D151: 0.95 | E151: 14 | F151: 32767 | G151: 65536 | H151: 5.9495 | I151: 23.18475 | J151: 3.8968588 | K151: 5.9214296 | L151: 3.9577079 | M151: 0.010303075 | N151: 0.000133125 | O151: 5.4725e-05 | P151: 2.9606751 | Q151: 9.575e-05 | R151: 2.2025624

Sheet Sheet3
A1: n | B1: eta | C1: speedup
A2: 3 | B2: 0.2 | C2: =AVERAGEIFS('numbers only'!J$2:J$154,'numbers only'!B$2:B$154,Sheet3!A2,'numbers only'!D$2:D$154,Sheet3!B2) -> 6.0471773
A3: 4 | B3: 0.2 | C3: =AVERAGEIFS('numbers only'!J$2:J$154,'numbers only'!B$2:B$154,Sheet3!A8,'numbers only'!D$2:D$154,Sheet3!B8) -> 5.6149692
A4: 5 | B4: 0.2 | C4: =AVERAGEIFS('numbers only'!J$2:J$154,'numbers only'!B$2:B$154,Sheet3!A14,'numbers only'!D$2:D$154,Sheet3!B14) -> 4.6559386
A5: 6 | B5: 0.2 | C5: =AVERAGEIFS('numbers only'!J$2:J$154,'numbers only'!B$2:B$154,Sheet3!A20,'numbers only'!D$2:D$154,Sheet3!B20) -> 3.6157319
A6: 7 | B6: 0.2 | C6: =AVERAGEIFS('numbers only'!J$2:J$154,'numbers only'!B$2:B$154,Sheet3!A26,'numbers only'!D$2:D$154,Sheet3!B26) -> 3.4932973
A7: 3 | B7: 0.35 | C7: =AVERAGEIFS('numbers only'!J$2:J$154,'numbers only'!B$2:B$154,Sheet3!A3,'numbers only'!D$2:D$154,Sheet3!B3) -> 5.8471719
A8: 4 | B8: 0.35 | C8: =AVERAGEIFS('numbers only'!J$2:J$154,'numbers only'!B$2:B$154,Sheet3!A9,'numbers only'!D$2:D$154,Sheet3!B9) -> 5.2165086
A9: 5 | B9: 0.35 | C9: =AVERAGEIFS('numbers only'!J$2:J$154,'numbers only'!B$2:B$154,Sheet3!A15,'numbers only'!D$2:D$154,Sheet3!B15) -> 4.663042
A10: 6 | B10: 0.35 | C10: =AVERAGEIFS('numbers only'!J$2:J$154,'numbers only'!B$2:B$154,Sheet3!A21,'numbers only'!D$2:D$154,Sheet3!B21) -> 4.2793663
A11: 7 | B11: 0.35 | C11: =AVERAGEIFS('numbers only'!J$2:J$154,'numbers only'!B$2:B$154,Sheet3!A27,'numbers only'!D$2:D$154,Sheet3!B27) -> 3.6282451
A12: 3 | B12: 0.5 | C12: =AVERAGEIFS('numbers only'!J$2:J$154,'numbers only'!B$2:B$154,Sheet3!A4,'numbers only'!D$2:D$154,Sheet3!B4) -> 5.5734014
A13: 4 | B13: 0.5 | C13: =AVERAGEIFS('numbers only'!J$2:J$154,'numbers only'!B$2:B$154,Sheet3!A10,'numbers only'!D$2:D$154,Sheet3!B10) -> 5.4997859
A14: 5 | B14: 0.5 | C14: =AVERAGEIFS('numbers only'!J$2:J$154,'numbers only'!B$2:B$154,Sheet3!A16,'numbers only'!D$2:D$154,Sheet3!B16) -> 5.5038944
A15: 6 | B15: 0.5 | C15: =AVERAGEIFS('numbers only'!J$2:J$154,'numbers only'!B$2:B$154,Sheet3!A22,'numbers only'!D$2:D$154,Sheet3!B22) -> 3.8274377
A16: 7 | B16: 0.5 | C16: =AVERAGEIFS('numbers only'!J$2:J$154,'numbers only'!B$2:B$154,Sheet3!A28,'numbers only'!D$2:D$154,Sheet3!B28) -> 3.5525318
A17: 3 | B17: 0.65 | C17: =AVERAGEIFS('numbers only'!J$2:J$154,'numbers only'!B$2:B$154,Sheet3!A5,'numbers only'!D$2:D$154,Sheet3!B5) -> 6.2361869
A18: 4 | B18: 0.65 | C18: =AVERAGEIFS('numbers only'!J$2:J$154,'numbers only'!B$2:B$154,Sheet3!A11,'numbers only'!D$2:D$154,Sheet3!B11) -> 6.3781238
A19: 5 | B19: 0.65 | C19: =AVERAGEIFS('numbers only'!J$2:J$154,'numbers only'!B$2:B$154,Sheet3!A17,'numbers only'!D$2:D$154,Sheet3!B17) -> 4.1838258
A20: 6 | B20: 0.65 | C20: =AVERAGEIFS('numbers only'!J$2:J$154,'numbers only'!B$2:B$154,Sheet3!A23,'numbers only'!D$2:D$154,Sheet3!B23) -> 3.9954827
A21: 7 | B21: 0.65 | C21: =AVERAGEIFS('numbers only'!J$2:J$154,'numbers only'!B$2:B$154,Sheet3!A29,'numbers only'!D$2:D$154,Sheet3!B29) -> 3.0590692
A22: 3 | B22: 0.8 | C22: =AVERAGEIFS('numbers only'!J$2:J$154,'numbers only'!B$2:B$154,Sheet3!A6,'numbers only'!D$2:D$154,Sheet3!B6) -> 6.6450628
A23: 4 | B23: 0.8 | C23: =AVERAGEIFS('numbers only'!J$2:J$154,'numbers only'!B$2:B$154,Sheet3!A12,'numbers only'!D$2:D$154,Sheet3!B12) -> 5.0795753
A24: 5 | B24: 0.8 | C24: =AVERAGEIFS('numbers only'!J$2:J$154,'numbers only'!B$2:B$154,Sheet3!A18,'numbers only'!D$2:D$154,Sheet3!B18) -> 4.4475739
A25: 6 | B25: 0.8 | C25: =AVERAGEIFS('numbers only'!J$2:J$154,'numbers only'!B$2:B$154,Sheet3!A24,'numbers only'!D$2:D$154,Sheet3!B24) -> 3.5089589
A26: 7 | B26: 0.8 | C26: =AVERAGEIFS('numbers only'!J$2:J$154,'numbers only'!B$2:B$154,Sheet3!A30,'numbers only'!D$2:D$154,Sheet3!B30) -> 2.3237963
A27: 3 | B27: 0.95 | C27: =AVERAGEIFS('numbers only'!J$2:J$154,'numbers only'!B$2:B$154,Sheet3!A7,'numbers only'!D$2:D$154,Sheet3!B7) -> 5.4743639
A28: 4 | B28: 0.95 | C28: =AVERAGEIFS('numbers only'!J$2:J$154,'numbers only'!B$2:B$154,Sheet3!A13,'numbers only'!D$2:D$154,Sheet3!B13) -> 4.9568873
A29: 5 | B29: 0.95 | C29: =AVERAGEIFS('numbers only'!J$2:J$154,'numbers only'!B$2:B$154,Sheet3!A19,'numbers only'!D$2:D$154,Sheet3!B19) -> 3.880865
A30: 6 | B30: 0.95 | C30: =AVERAGEIFS('numbers only'!J$2:J$154,'numbers only'!B$2:B$154,Sheet3!A25,'numbers only'!D$2:D$154,Sheet3!B25) -> 3.0658256
A31: 7 | B31: 0.95 | C31: =AVERAGEIFS('numbers only'!J$2:J$154,'numbers only'!B$2:B$154,Sheet3!A31,'numbers only'!D$2:D$154,Sheet3!B31) -> 2.6907339
